,Match_Id,Team_Id,Toss_Won,Bat_First,Win_Percenetage,Opponent_Win_Percentage,Win_Percenetage_Against,Toss_Decision_Win_Percentage,Bat_Decision_Win_Percentage,Match_Won,Team_Score
1,335987,1,1,0,51.51515152,50.35971223,50,55.07246377,56.4516129,1,655.0985916
2,335987,2,0,1,50.35971223,51.51515152,50,45.90163934,43.5483871,0,127.8711624
3,335988,3,1,1,60.30534351,47.01492537,58.82352941,63.63636364,58.44155844,1,610.8922421
4,335988,4,0,0,47.01492537,60.30534351,41.17647059,59.375,59.42028986,0,470.5147573
5,335989,5,1,1,53.38983051,42.10526316,62.5,53.96825397,46.2962963,0,53.22570444
6,335989,6,0,0,42.10526316,53.38983051,37.5,56.25,68.42105263,1,426.621145
7,335990,2,1,1,50.35971223,57.14285714,42.10526316,54.09836066,43.5483871,1,440.9469858
8,335990,7,0,0,57.14285714,50.35971223,57.89473684,44.59459459,43.42105263,0,275.8263481
9,335991,1,0,0,51.51515152,38.66666667,77.77777778,44.92753623,56.4516129,1,365.5954246
10,335991,8,1,1,38.66666667,51.51515152,22.22222222,44.18604651,41.86046512,0,158.3587867
11,335992,4,1,1,47.01492537,53.38983051,40,40.625,40.57971014,0,306.6785092
12,335992,5,0,0,53.38983051,47.01492537,60,46.03174603,53.7037037,1,382.0040959
13,335993,6,1,1,42.10526316,38.66666667,63.63636364,43.75,31.57894737,1,497.5696894
14,335993,8,0,0,38.66666667,42.10526316,36.36363636,55.81395349,58.13953488,0,222.5286101
15,335994,3,0,1,60.30534351,57.14285714,45.45454545,36.36363636,58.44155844,1,519.6985824
16,335994,7,1,0,57.14285714,60.30534351,54.54545455,55.40540541,43.42105263,0,320.7722219
17,335995,5,1,0,53.38983051,38.66666667,77.77777778,53.96825397,53.7037037,1,441.3976974
18,335995,8,0,1,38.66666667,53.38983051,22.22222222,55.81395349,41.86046512,0,598.0942423
19,335996,4,0,1,47.01492537,57.14285714,50,59.375,40.57971014,1,457.3164388
20,335996,7,1,0,57.14285714,47.01492537,50,55.40540541,43.42105263,0,440.5853736
21,335997,2,0,1,50.35971223,53.38983051,50,45.90163934,43.5483871,0,171.6623418
22,335997,5,1,0,53.38983051,50.35971223,50,53.96825397,53.7037037,1,441.917003
23,335998,1,1,1,51.51515152,60.30534351,37.5,55.07246377,43.5483871,0,119.9606883
24,335998,3,0,0,60.30534351,51.51515152,62.5,36.36363636,41.55844156,1,464.8479383
25,335999,7,0,1,57.14285714,38.66666667,60,44.59459459,56.57894737,0,119.8577134
26,335999,8,1,0,38.66666667,57.14285714,40,44.18604651,58.13953488,1,568.8505433
27,336000,4,0,0,47.01492537,42.10526316,55.55555556,59.375,59.42028986,1,401.7082755
28,336000,6,1,1,42.10526316,47.01492537,44.44444444,43.75,31.57894737,0,262.8936596
29,336001,2,0,0,50.35971223,60.30534351,36.84210526,45.90163934,56.4516129,0,350.9954645
30,336001,3,1,1,60.30534351,50.35971223,63.15789474,63.63636364,58.44155844,1,556.4363584
31,336002,1,0,0,51.51515152,57.14285714,27.77777778,44.92753623,56.4516129,0,210.6458648
32,336002,7,1,1,57.14285714,51.51515152,72.22222222,55.40540541,56.57894737,1,455.0796538
33,336003,2,1,0,50.35971223,42.10526316,64.70588235,54.09836066,56.4516129,0,381.1167066
34,336003,6,0,1,42.10526316,50.35971223,35.29411765,56.25,31.57894737,1,477.6944809
35,336004,4,1,0,47.01492537,38.66666667,70,40.625,59.42028986,1,513.7563226
36,336004,8,0,1,38.66666667,47.01492537,30,55.81395349,41.86046512,0,327.9413639
37,336005,1,1,1,51.51515152,53.38983051,40,55.07246377,43.5483871,0,334.332474
38,336005,5,0,0,53.38983051,51.51515152,60,46.03174603,53.7037037,1,512.9783246
39,336006,3,0,0,60.30534351,42.10526316,68.75,36.36363636,41.55844156,0,272.4145352
40,336006,6,1,1,42.10526316,60.30534351,31.25,43.75,31.57894737,1,430.1384605
41,336007,2,1,1,50.35971223,38.66666667,45.45454545,54.09836066,43.5483871,1,443.3996163
42,336007,8,0,0,38.66666667,50.35971223,54.54545455,55.81395349,58.13953488,0,266.6794651
43,336008,1,1,1,51.51515152,47.01492537,68.42105263,55.07246377,43.5483871,0,389.4580294
44,336008,4,0,0,47.01492537,51.51515152,31.57894737,59.375,59.42028986,1,333.4374287
45,336009,6,1,0,42.10526316,57.14285714,50,43.75,68.42105263,0,313.8541008
46,336009,7,0,1,57.14285714,42.10526316,50,44.59459459,56.57894737,1,402.1273356
47,336010,3,1,1,60.30534351,53.38983051,64.70588235,63.63636364,58.44155844,0,89.04506548
48,336010,5,0,0,53.38983051,60.30534351,35.29411765,46.03174603,53.7037037,1,425.0445808
49,336011,2,0,1,50.35971223,47.01492537,44.44444444,45.90163934,43.5483871,0,210.5357632
50,336011,4,1,0,47.01492537,50.35971223,55.55555556,40.625,59.42028986,1,413.1029914
51,336012,3,0,1,60.30534351,38.66666667,60,36.36363636,58.44155844,0,179.7697403
52,336012,8,1,0,38.66666667,60.30534351,40,44.18604651,58.13953488,1,465.3364668
53,336013,5,1,0,53.38983051,57.14285714,37.5,53.96825397,53.7037037,0,172.5314195
54,336013,7,0,1,57.14285714,53.38983051,62.5,44.59459459,56.57894737,1,384.3739126
55,336014,3,1,0,60.30534351,42.10526316,68.75,63.63636364,41.55844156,1,333.695159
56,336014,6,0,1,42.10526316,60.30534351,31.25,56.25,31.57894737,0,468.6362514
57,336015,1,0,0,51.51515152,50.35971223,50,44.92753623,56.4516129,1,279.2394026
58,336015,2,1,1,50.35971223,51.51515152,50,54.09836066,43.5483871,0,316.3495193
59,336016,5,0,1,53.38983051,38.66666667,77.77777778,46.03174603,46.2962963,1,432.7937193
60,336016,8,1,0,38.66666667,53.38983051,22.22222222,44.18604651,58.13953488,0,231.0052053
61,336017,2,0,1,50.35971223,57.14285714,42.10526316,45.90163934,43.5483871,0,67.01322278
62,336017,7,1,0,57.14285714,50.35971223,57.89473684,55.40540541,43.42105263,1,399.7220017
63,336018,3,0,1,60.30534351,47.01492537,58.82352941,36.36363636,58.44155844,1,587.1265577
64,336018,4,1,0,47.01492537,60.30534351,41.17647059,40.625,59.42028986,0,339.8926476
65,336019,1,1,1,51.51515152,38.66666667,77.77777778,55.07246377,43.5483871,1,503.6414736
66,336019,8,0,0,38.66666667,51.51515152,22.22222222,55.81395349,58.13953488,0,326.4350692
67,336020,5,0,1,53.38983051,42.10526316,62.5,46.03174603,46.2962963,1,408.1362075
68,336020,6,1,0,42.10526316,53.38983051,37.5,43.75,68.42105263,0,337.1553385
69,336021,2,1,1,50.35971223,47.01492537,44.44444444,54.09836066,43.5483871,0,153.5357994
70,336021,4,0,0,47.01492537,50.35971223,55.55555556,59.375,59.42028986,1,399.5754842
71,336022,1,0,0,51.51515152,42.10526316,58.82352941,44.92753623,56.4516129,1,366.9292792
72,336022,6,1,1,42.10526316,51.51515152,41.17647059,43.75,31.57894737,0,231.5622695
73,336023,3,1,0,60.30534351,57.14285714,45.45454545,63.63636364,41.55844156,0,196.759889
74,336023,7,0,1,57.14285714,60.30534351,54.54545455,44.59459459,56.57894737,1,498.2391641
75,336024,4,0,1,47.01492537,53.38983051,40,59.375,40.57971014,1,627.308388
76,336024,5,1,0,53.38983051,47.01492537,60,53.96825397,53.7037037,0,359.749566
77,336025,6,0,1,42.10526316,38.66666667,63.63636364,56.25,31.57894737,1,619.8796707
78,336025,8,1,0,38.66666667,42.10526316,36.36363636,44.18604651,58.13953488,0,331.2312639
79,336026,1,1,0,51.51515152,57.14285714,27.77777778,55.07246377,56.4516129,0,61.72705235
80,336026,7,0,1,57.14285714,51.51515152,72.22222222,44.59459459,56.57894737,1,458.1644648
81,336027,4,1,1,47.01492537,42.10526316,55.55555556,40.625,40.57971014,1,299.5953932
82,336027,6,0,0,42.10526316,47.01492537,44.44444444,56.25,68.42105263,0,273.8245879
83,336028,2,1,0,50.35971223,53.38983051,56.25,54.09836066,56.4516129,0,186.7184563
84,336028,5,0,1,53.38983051,50.35971223,43.75,46.03174603,46.2962963,1,534.4763241
85,336029,7,1,0,57.14285714,38.66666667,60,55.40540541,43.42105263,1,380.3516531
86,336029,8,0,1,38.66666667,57.14285714,40,55.81395349,41.86046512,0,322.9571225
87,336030,1,0,0,51.51515152,60.30534351,37.5,44.92753623,56.4516129,0,163.0372707
88,336030,3,1,1,60.30534351,51.51515152,62.5,63.63636364,58.44155844,1,219.5519918
89,336031,2,0,1,50.35971223,42.10526316,58.82352941,45.90163934,43.5483871,0,339.4355409
90,336031,6,1,0,42.10526316,50.35971223,41.17647059,43.75,68.42105263,1,438.8047931
91,336032,1,0,1,51.51515152,53.38983051,40,44.92753623,43.5483871,0,256.2728199
92,336032,5,1,0,53.38983051,51.51515152,60,53.96825397,53.7037037,1,408.7891566
93,336033,4,1,0,47.01492537,57.14285714,50,40.625,59.42028986,1,549.8705253
94,336033,7,0,1,57.14285714,47.01492537,50,44.59459459,56.57894737,0,287.0253346
95,336034,2,1,1,50.35971223,60.30534351,36.84210526,54.09836066,43.5483871,1,316.1083278
96,336034,3,0,0,60.30534351,50.35971223,63.15789474,36.36363636,41.55844156,0,355.8982241
97,336036,4,0,1,47.01492537,38.66666667,70,59.375,40.57971014,1,351.7664512
98,336036,8,1,0,38.66666667,47.01492537,30,44.18604651,58.13953488,0,399.1952856
99,336037,6,0,1,42.10526316,57.14285714,50,56.25,31.57894737,1,565.9874735
100,336037,7,1,0,57.14285714,42.10526316,50,55.40540541,43.42105263,0,320.1504653
101,336038,3,0,0,60.30534351,53.38983051,64.70588235,36.36363636,41.55844156,0,406.508371
102,336038,5,1,1,53.38983051,60.30534351,35.29411765,53.96825397,46.2962963,1,546.4721606
103,336039,2,0,1,50.35971223,38.66666667,45.45454545,45.90163934,43.5483871,1,308.3208608
104,336039,8,1,0,38.66666667,50.35971223,54.54545455,44.18604651,58.13953488,0,383.7510336
105,336040,1,0,0,51.51515152,47.01492537,68.42105263,44.92753623,56.4516129,1,416.3457946
106,336040,4,1,1,47.01492537,51.51515152,31.57894737,40.625,40.57971014,0,416.2794888
107,336041,5,0,1,53.38983051,57.14285714,37.5,46.03174603,46.2962963,1,328.3478237
108,336041,7,1,0,57.14285714,53.38983051,62.5,55.40540541,43.42105263,0,314.9355776
109,336042,3,1,1,60.30534351,38.66666667,60,63.63636364,58.44155844,1,408.4222306
110,336042,8,0,0,38.66666667,60.30534351,40,55.81395349,58.13953488,0,201.1131364
111,336043,5,1,0,53.38983051,42.10526316,62.5,53.96825397,53.7037037,1,588.8216383
112,336043,6,0,1,42.10526316,53.38983051,37.5,56.25,31.57894737,0,332.6560219
113,336044,3,0,0,60.30534351,47.01492537,58.82352941,36.36363636,41.55844156,1,435.3686473
114,336044,4,1,1,47.01492537,60.30534351,41.17647059,40.625,40.57971014,0,80.42671197
115,336045,3,0,1,60.30534351,53.38983051,64.70588235,36.36363636,58.44155844,0,453.2537951
116,336045,5,1,0,53.38983051,60.30534351,35.29411765,53.96825397,53.7037037,1,262.6457941
117,392186,3,0,1,60.30534351,57.14285714,45.45454545,36.36363636,58.44155844,0,304.6375915
118,392186,7,1,0,57.14285714,60.30534351,54.54545455,55.40540541,43.42105263,1,431.8027532
119,392187,2,0,0,50.35971223,53.38983051,50,45.90163934,56.4516129,1,416.7210463
120,392187,5,1,1,53.38983051,50.35971223,50,53.96825397,46.2962963,0,204.603038
121,392188,4,1,0,47.01492537,42.10526316,55.55555556,40.625,59.42028986,0,98.49594987
122,392188,6,0,1,42.10526316,47.01492537,44.44444444,56.25,31.57894737,1,362.7974989
123,392189,1,1,1,51.51515152,38.66666667,77.77777778,55.07246377,43.5483871,0,118.4042434
124,392189,8,0,0,38.66666667,51.51515152,22.22222222,55.81395349,58.13953488,1,492.4889643
125,392190,2,0,0,50.35971223,60.30534351,36.84210526,45.90163934,56.4516129,0,120.7809333
126,392190,3,1,1,60.30534351,50.35971223,63.15789474,63.63636364,58.44155844,1,579.5109816
127,392191,1,1,0,51.51515152,47.01492537,68.42105263,55.07246377,56.4516129,1,222.9447454
128,392191,4,0,1,47.01492537,51.51515152,31.57894737,59.375,40.57971014,0,183.8848667
129,392193,2,0,0,50.35971223,38.66666667,45.45454545,45.90163934,56.4516129,0,280.3343098
130,392193,8,1,1,38.66666667,50.35971223,54.54545455,44.18604651,41.86046512,1,540.6010936
131,392194,3,0,0,60.30534351,42.10526316,68.75,36.36363636,41.55844156,0,426.1906935
132,392194,6,1,1,42.10526316,60.30534351,31.25,43.75,31.57894737,1,631.5884199
133,392195,1,0,1,51.51515152,53.38983051,40,44.92753623,43.5483871,0,339.474349
134,392195,5,1,0,53.38983051,51.51515152,60,53.96825397,53.7037037,1,579.8339241
135,392196,2,0,0,50.35971223,47.01492537,44.44444444,45.90163934,56.4516129,0,238.3816471
136,392196,4,1,1,47.01492537,50.35971223,55.55555556,40.625,40.57971014,1,526.4829527
137,392197,7,1,1,57.14285714,38.66666667,60,55.40540541,56.57894737,0,392.6042815
138,392197,8,0,0,38.66666667,57.14285714,40,55.81395349,58.13953488,1,377.3254747
139,392199,2,0,0,50.35971223,42.10526316,58.82352941,45.90163934,56.4516129,0,230.2238786
140,392199,6,1,1,42.10526316,50.35971223,41.17647059,43.75,31.57894737,1,392.514545
141,392200,4,0,0,47.01492537,53.38983051,40,59.375,59.42028986,1,328.4176782
142,392200,5,1,1,53.38983051,47.01492537,60,53.96825397,46.2962963,0,255.4345824
143,392201,3,0,1,60.30534351,38.66666667,60,36.36363636,58.44155844,0,168.5931939
144,392201,8,1,0,38.66666667,60.30534351,40,44.18604651,58.13953488,1,358.8774664
145,392202,1,0,0,51.51515152,57.14285714,27.77777778,44.92753623,56.4516129,0,144.1034502
146,392202,7,1,1,57.14285714,51.51515152,72.22222222,55.40540541,56.57894737,1,487.1592315
147,392203,5,1,1,53.38983051,42.10526316,62.5,53.96825397,46.2962963,1,410.6493098
148,392203,6,0,0,42.10526316,53.38983051,37.5,56.25,68.42105263,0,291.7975485
149,392204,1,1,1,51.51515152,50.35971223,50,55.07246377,43.5483871,0,202.8182857
150,392204,2,0,0,50.35971223,51.51515152,50,45.90163934,56.4516129,1,310.1293651
151,392205,4,0,0,47.01492537,57.14285714,50,59.375,59.42028986,1,271.1935075
152,392205,7,1,1,57.14285714,47.01492537,50,55.40540541,56.57894737,0,303.3895324
153,392206,6,1,0,42.10526316,38.66666667,63.63636364,43.75,68.42105263,1,441.8989036
154,392206,8,0,1,38.66666667,42.10526316,36.36363636,55.81395349,41.86046512,0,229.5848023
155,392207,3,0,1,60.30534351,53.38983051,64.70588235,36.36363636,58.44155844,1,555.3346188
156,392207,5,1,0,53.38983051,60.30534351,35.29411765,53.96825397,53.7037037,0,190.5790128
157,392208,1,0,0,51.51515152,57.14285714,27.77777778,44.92753623,56.4516129,0,269.6261897
158,392208,7,1,1,57.14285714,51.51515152,72.22222222,55.40540541,56.57894737,1,291.9669808
159,392209,2,0,0,50.35971223,47.01492537,44.44444444,45.90163934,56.4516129,1,341.1182159
160,392209,4,1,1,47.01492537,50.35971223,55.55555556,40.625,40.57971014,0,389.2341892
161,392210,5,1,1,53.38983051,38.66666667,77.77777778,53.96825397,46.2962963,1,212.058922
162,392210,8,0,0,38.66666667,53.38983051,22.22222222,55.81395349,58.13953488,0,310.7373829
163,392211,3,0,1,60.30534351,42.10526316,68.75,36.36363636,58.44155844,1,401.395863
164,392211,6,1,0,42.10526316,60.30534351,31.25,43.75,68.42105263,0,511.4388789
165,392212,1,1,1,51.51515152,47.01492537,68.42105263,55.07246377,43.5483871,0,317.598532
166,392212,4,0,0,47.01492537,51.51515152,31.57894737,59.375,59.42028986,1,256.3376626
167,392213,2,0,0,50.35971223,57.14285714,42.10526316,45.90163934,56.4516129,1,364.9143746
168,392213,7,1,1,57.14285714,50.35971223,57.89473684,55.40540541,56.57894737,0,237.2006404
169,392214,3,0,0,60.30534351,38.66666667,60,36.36363636,41.55844156,1,557.5473425
170,392214,8,1,1,38.66666667,60.30534351,40,44.18604651,41.86046512,0,140.313555
171,392215,4,0,1,47.01492537,53.38983051,40,59.375,40.57971014,0,188.980953
172,392215,5,1,0,53.38983051,47.01492537,60,53.96825397,53.7037037,1,533.0845415
173,392216,1,1,1,51.51515152,42.10526316,58.82352941,55.07246377,43.5483871,0,249.8531487
174,392216,6,0,0,42.10526316,51.51515152,41.17647059,56.25,68.42105263,1,293.8009173
175,392217,7,1,1,57.14285714,38.66666667,60,55.40540541,56.57894737,0,311.5429601
176,392217,8,0,0,38.66666667,57.14285714,40,55.81395349,58.13953488,1,216.334843
177,392218,2,0,1,50.35971223,53.38983051,50,45.90163934,43.5483871,0,111.1733216
178,392218,5,1,0,53.38983051,50.35971223,50,53.96825397,53.7037037,1,435.2227848
179,392219,3,0,0,60.30534351,47.01492537,58.82352941,36.36363636,41.55844156,1,410.0174861
180,392219,4,1,1,47.01492537,60.30534351,41.17647059,40.625,40.57971014,0,414.7597702
181,392220,6,0,0,42.10526316,57.14285714,50,56.25,68.42105263,1,491.6257098
182,392220,7,1,1,57.14285714,42.10526316,50,55.40540541,56.57894737,0,108.9015876
183,392221,4,1,0,47.01492537,38.66666667,70,40.625,59.42028986,1,290.284764
184,392221,8,0,1,38.66666667,47.01492537,30,55.81395349,41.86046512,0,346.0145182
185,392222,3,0,0,60.30534351,53.38983051,64.70588235,36.36363636,41.55844156,1,338.4966963
186,392222,5,1,1,53.38983051,60.30534351,35.29411765,53.96825397,46.2962963,0,145.8785074
187,392223,2,0,0,50.35971223,57.14285714,42.10526316,45.90163934,56.4516129,0,158.900861
188,392223,7,1,1,57.14285714,50.35971223,57.89473684,55.40540541,56.57894737,1,412.9666221
189,392224,1,1,0,51.51515152,42.10526316,58.82352941,55.07246377,56.4516129,0,99.31757441
190,392224,6,0,1,42.10526316,51.51515152,41.17647059,56.25,31.57894737,1,361.3447007
191,392225,5,1,1,53.38983051,38.66666667,77.77777778,53.96825397,46.2962963,0,199.4933557
192,392225,8,0,0,38.66666667,53.38983051,22.22222222,55.81395349,58.13953488,1,402.0304774
193,392226,1,1,0,51.51515152,50.35971223,50,55.07246377,56.4516129,0,358.2223992
194,392226,2,0,1,50.35971223,51.51515152,50,45.90163934,43.5483871,1,426.7713808
195,392227,4,0,0,47.01492537,57.14285714,50,59.375,59.42028986,0,122.1300289
196,392227,7,1,1,57.14285714,47.01492537,50,55.40540541,56.57894737,1,365.9943303
197,392228,6,1,0,42.10526316,38.66666667,63.63636364,43.75,68.42105263,1,535.0409793
198,392228,8,0,1,38.66666667,42.10526316,36.36363636,55.81395349,41.86046512,0,445.8535566
199,392229,2,0,0,50.35971223,60.30534351,36.84210526,45.90163934,56.4516129,1,400.993534
200,392229,3,1,1,60.30534351,50.35971223,63.15789474,63.63636364,58.44155844,0,377.4435701
201,392230,5,1,1,53.38983051,57.14285714,37.5,53.96825397,46.2962963,1,432.1273666
202,392230,7,0,0,57.14285714,53.38983051,62.5,44.59459459,43.42105263,0,337.6398851
203,392231,4,1,0,47.01492537,42.10526316,55.55555556,40.625,59.42028986,1,389.7498915
204,392231,6,0,1,42.10526316,47.01492537,44.44444444,56.25,31.57894737,0,195.9238987
205,392232,3,0,0,60.30534351,57.14285714,45.45454545,36.36363636,41.55844156,1,268.1991489
206,392232,7,1,1,57.14285714,60.30534351,54.54545455,55.40540541,56.57894737,0,239.8831827
207,392233,1,1,0,51.51515152,38.66666667,77.77777778,55.07246377,56.4516129,0,291.6952822
208,392233,8,0,1,38.66666667,51.51515152,22.22222222,55.81395349,41.86046512,1,342.6844815
209,392234,4,1,0,47.01492537,38.66666667,70,40.625,59.42028986,1,291.780258
210,392234,8,0,1,38.66666667,47.01492537,30,55.81395349,41.86046512,0,262.6812435
211,392235,5,1,1,53.38983051,42.10526316,62.5,53.96825397,46.2962963,0,96.82078043
212,392235,6,0,0,42.10526316,53.38983051,37.5,56.25,68.42105263,1,488.9975789
213,392236,1,1,1,51.51515152,60.30534351,37.5,55.07246377,43.5483871,1,407.2453631
214,392236,3,0,0,60.30534351,51.51515152,62.5,36.36363636,41.55844156,0,311.0194187
215,392237,2,0,0,50.35971223,42.10526316,58.82352941,45.90163934,56.4516129,1,389.1385317
216,392237,6,1,1,42.10526316,50.35971223,41.17647059,43.75,31.57894737,0,138.013258
217,392238,1,0,1,51.51515152,53.38983051,40,44.92753623,43.5483871,1,298.0928598
218,392238,5,1,0,53.38983051,51.51515152,60,53.96825397,53.7037037,0,232.943417
219,392239,3,0,0,60.30534351,47.01492537,58.82352941,36.36363636,41.55844156,1,238.5468374
220,392239,4,1,1,47.01492537,60.30534351,41.17647059,40.625,40.57971014,0,277.1666027
221,392240,6,0,1,42.10526316,57.14285714,50,56.25,31.57894737,1,417.3887829
222,392240,7,1,0,57.14285714,42.10526316,50,55.40540541,43.42105263,0,341.1982446
223,392241,2,0,0,50.35971223,38.66666667,45.45454545,45.90163934,56.4516129,1,492.3446709
224,392241,8,1,1,38.66666667,50.35971223,54.54545455,44.18604651,41.86046512,0,309.0687114
225,392242,6,0,1,42.10526316,38.66666667,63.63636364,56.25,31.57894737,0,246.0800103
226,392242,8,1,0,38.66666667,42.10526316,36.36363636,44.18604651,58.13953488,1,547.2270653
227,392243,2,0,1,50.35971223,60.30534351,36.84210526,45.90163934,43.5483871,1,320.7844559
228,392243,3,1,0,60.30534351,50.35971223,63.15789474,63.63636364,41.55844156,0,234.2566168
229,392244,2,0,1,50.35971223,38.66666667,45.45454545,45.90163934,43.5483871,0,315.9506778
230,392244,8,1,0,38.66666667,50.35971223,54.54545455,44.18604651,58.13953488,1,388.1472294
231,419111,1,1,0,51.51515152,38.66666667,77.77777778,55.07246377,56.4516129,1,341.4994009
232,419111,8,0,1,38.66666667,51.51515152,22.22222222,55.81395349,41.86046512,0,278.2452147
233,419112,5,1,1,53.38983051,57.14285714,37.5,53.96825397,46.2962963,0,586.0787918
234,419112,7,0,0,57.14285714,53.38983051,62.5,44.59459459,43.42105263,1,467.0470009
235,419113,4,0,1,47.01492537,42.10526316,55.55555556,59.375,40.57971014,0,279.0803654
236,419113,6,1,0,42.10526316,47.01492537,44.44444444,43.75,68.42105263,1,440.78543
237,419114,1,0,1,51.51515152,50.35971223,50,44.92753623,43.5483871,1,444.131798
238,419114,2,1,0,50.35971223,51.51515152,50,54.09836066,56.4516129,0,229.7484745
239,419115,3,0,0,60.30534351,38.66666667,60,36.36363636,41.55844156,0,263.4380174
240,419115,8,1,1,38.66666667,60.30534351,40,44.18604651,41.86046512,1,501.4833321
241,419116,5,0,1,53.38983051,42.10526316,62.5,46.03174603,46.2962963,0,263.7311994
242,419116,6,1,0,42.10526316,53.38983051,37.5,43.75,68.42105263,1,403.4194656
243,419117,2,0,0,50.35971223,47.01492537,44.44444444,45.90163934,56.4516129,1,461.9559957
244,419117,4,1,1,47.01492537,50.35971223,55.55555556,40.625,40.57971014,0,391.1809798
245,419118,1,0,0,51.51515152,60.30534351,37.5,44.92753623,56.4516129,0,81.20109991
246,419118,3,1,1,60.30534351,51.51515152,62.5,63.63636364,58.44155844,1,585.7851998
247,419119,6,0,1,42.10526316,57.14285714,50,56.25,31.57894737,0,308.446505
248,419119,7,1,0,57.14285714,42.10526316,50,55.40540541,43.42105263,1,600.3547871
249,419120,2,0,1,50.35971223,53.38983051,50,45.90163934,43.5483871,1,443.4402634
250,419120,5,1,0,53.38983051,50.35971223,50,53.96825397,53.7037037,0,48.89666735
251,419121,3,1,1,60.30534351,42.10526316,68.75,63.63636364,58.44155844,1,476.2268612
252,419121,6,0,0,42.10526316,60.30534351,31.25,56.25,68.42105263,0,352.2586157
253,419122,4,1,0,47.01492537,38.66666667,70,40.625,59.42028986,0,338.4013515
254,419122,8,0,1,38.66666667,47.01492537,30,55.81395349,41.86046512,1,447.8699865
255,419123,1,1,1,51.51515152,53.38983051,40,55.07246377,43.5483871,0,346.4591132
256,419123,5,0,0,53.38983051,51.51515152,60,46.03174603,53.7037037,1,237.3162655
257,419124,2,1,1,50.35971223,57.14285714,42.10526316,54.09836066,43.5483871,1,460.866487
258,419124,7,0,0,57.14285714,50.35971223,57.89473684,44.59459459,43.42105263,0,210.3346052
259,419125,6,1,1,42.10526316,38.66666667,63.63636364,43.75,31.57894737,0,399.8013407
260,419125,8,0,0,38.66666667,42.10526316,36.36363636,55.81395349,58.13953488,1,491.5263579
261,419126,3,0,1,60.30534351,47.01492537,58.82352941,36.36363636,58.44155844,0,446.2794818
262,419126,4,1,0,47.01492537,60.30534351,41.17647059,40.625,59.42028986,1,402.4234517
263,419127,1,1,1,51.51515152,57.14285714,27.77777778,55.07246377,43.5483871,0,244.3794912
264,419127,7,0,0,57.14285714,51.51515152,72.22222222,44.59459459,43.42105263,1,277.2312468
265,419128,2,0,1,50.35971223,60.30534351,36.84210526,45.90163934,43.5483871,1,507.3571721
266,419128,3,1,0,60.30534351,50.35971223,63.15789474,63.63636364,41.55844156,0,224.5920379
267,419129,4,0,1,47.01492537,53.38983051,40,59.375,40.57971014,0,317.4414339
268,419129,5,1,0,53.38983051,47.01492537,60,53.96825397,53.7037037,1,478.3598966
269,419130,3,1,0,60.30534351,57.14285714,45.45454545,63.63636364,41.55844156,0,377.8870112
270,419130,7,0,1,57.14285714,60.30534351,54.54545455,44.59459459,56.57894737,1,312.4326632
271,419131,5,0,0,53.38983051,38.66666667,77.77777778,46.03174603,53.7037037,1,567.9830601
272,419131,8,1,1,38.66666667,53.38983051,22.22222222,44.18604651,41.86046512,0,184.6199681
273,419132,1,1,1,51.51515152,47.01492537,68.42105263,55.07246377,43.5483871,1,381.7113175
274,419132,4,0,0,47.01492537,51.51515152,31.57894737,59.375,59.42028986,0,269.0303996
275,419133,2,0,1,50.35971223,42.10526316,58.82352941,45.90163934,43.5483871,0,285.4198496
276,419133,6,1,0,42.10526316,50.35971223,41.17647059,43.75,68.42105263,1,554.5457115
277,419134,3,1,1,60.30534351,53.38983051,64.70588235,63.63636364,58.44155844,0,492.5386835
278,419134,5,0,0,53.38983051,60.30534351,35.29411765,46.03174603,53.7037037,1,377.9537856
279,419135,7,1,0,57.14285714,38.66666667,60,55.40540541,43.42105263,1,461.3664833
280,419135,8,0,1,38.66666667,57.14285714,40,55.81395349,41.86046512,0,319.4461867
281,419136,1,1,1,51.51515152,42.10526316,58.82352941,55.07246377,43.5483871,0,159.5761839
282,419136,6,0,0,42.10526316,51.51515152,41.17647059,56.25,68.42105263,1,554.6828033
283,419137,4,1,0,47.01492537,57.14285714,50,40.625,59.42028986,0,249.3014684
284,419137,7,0,1,57.14285714,47.01492537,50,44.59459459,56.57894737,1,519.0694046
285,419138,2,1,1,50.35971223,60.30534351,36.84210526,54.09836066,43.5483871,0,335.3445979
286,419138,3,0,0,60.30534351,50.35971223,63.15789474,36.36363636,41.55844156,1,373.486626
287,419139,5,1,1,53.38983051,42.10526316,62.5,53.96825397,46.2962963,0,284.2248832
288,419139,6,0,0,42.10526316,53.38983051,37.5,56.25,68.42105263,1,595.7648503
289,419140,1,0,0,51.51515152,38.66666667,77.77777778,44.92753623,56.4516129,1,355.4913456
290,419140,8,1,1,38.66666667,51.51515152,22.22222222,44.18604651,41.86046512,0,362.1401438
291,419141,2,1,1,50.35971223,47.01492537,44.44444444,54.09836066,43.5483871,1,431.1298152
292,419141,4,0,0,47.01492537,50.35971223,55.55555556,59.375,59.42028986,0,355.8318481
293,419142,3,0,0,60.30534351,53.38983051,64.70588235,36.36363636,41.55844156,1,663.9519343
294,419142,5,1,1,53.38983051,60.30534351,35.29411765,53.96825397,46.2962963,0,565.7683174
295,419143,7,0,0,57.14285714,38.66666667,60,44.59459459,43.42105263,1,582.5196074
296,419143,8,1,1,38.66666667,57.14285714,40,44.18604651,41.86046512,0,219.6688003
297,419144,1,0,0,51.51515152,47.01492537,68.42105263,44.92753623,56.4516129,0,362.4660286
298,419144,4,1,1,47.01492537,51.51515152,31.57894737,40.625,40.57971014,1,440.4773019
299,419145,2,1,1,50.35971223,42.10526316,64.70588235,54.09836066,43.5483871,0,324.0000589
300,419145,6,0,0,42.10526316,50.35971223,35.29411765,56.25,68.42105263,1,489.1494082
301,419146,5,1,1,53.38983051,38.66666667,77.77777778,53.96825397,46.2962963,1,558.4384247
302,419146,8,0,0,38.66666667,53.38983051,22.22222222,55.81395349,58.13953488,0,472.4131974
303,419147,3,0,0,60.30534351,57.14285714,45.45454545,36.36363636,41.55844156,1,405.224537
304,419147,7,1,1,57.14285714,60.30534351,54.54545455,55.40540541,56.57894737,0,168.3030035
305,419148,4,1,1,47.01492537,53.38983051,40,40.625,40.57971014,0,151.0930858
306,419148,5,0,0,53.38983051,47.01492537,60,46.03174603,53.7037037,1,405.4168966
307,419149,1,0,0,51.51515152,42.10526316,58.82352941,44.92753623,56.4516129,1,482.2413609
308,419149,6,1,1,42.10526316,51.51515152,41.17647059,43.75,31.57894737,0,246.2142694
309,419150,2,0,1,50.35971223,38.66666667,45.45454545,45.90163934,43.5483871,0,403.9423635
310,419150,8,1,0,38.66666667,50.35971223,54.54545455,44.18604651,58.13953488,1,497.0369356
311,419151,4,0,0,47.01492537,57.14285714,50,59.375,59.42028986,1,481.1795463
312,419151,7,1,1,57.14285714,47.01492537,50,55.40540541,56.57894737,0,228.9370305
313,419152,3,1,1,60.30534351,38.66666667,60,63.63636364,58.44155844,0,242.732014
314,419152,8,0,0,38.66666667,60.30534351,40,55.81395349,58.13953488,1,412.7197924
315,419153,1,1,0,51.51515152,50.35971223,50,55.07246377,56.4516129,0,220.6760296
316,419153,2,0,1,50.35971223,51.51515152,50,45.90163934,43.5483871,1,632.5225656
317,419154,4,1,1,47.01492537,42.10526316,55.55555556,40.625,40.57971014,1,340.6849262
318,419154,6,0,0,42.10526316,47.01492537,44.44444444,56.25,68.42105263,0,114.6686982
319,419155,5,0,1,53.38983051,57.14285714,37.5,46.03174603,46.2962963,0,271.9159237
320,419155,7,1,0,57.14285714,53.38983051,62.5,55.40540541,43.42105263,1,472.3529372
321,419156,2,1,0,50.35971223,38.66666667,45.45454545,54.09836066,56.4516129,0,280.2418042
322,419156,8,0,1,38.66666667,50.35971223,54.54545455,55.81395349,41.86046512,1,410.5323736
323,419157,6,1,1,42.10526316,57.14285714,50,43.75,31.57894737,0,253.2445249
324,419157,7,0,0,57.14285714,42.10526316,50,44.59459459,43.42105263,1,487.1817445
325,419158,1,1,1,51.51515152,60.30534351,37.5,55.07246377,43.5483871,0,57.87315304
326,419158,3,0,0,60.30534351,51.51515152,62.5,36.36363636,41.55844156,1,458.964685
327,419159,2,1,1,50.35971223,53.38983051,56.25,54.09836066,43.5483871,1,413.2339145
328,419159,5,0,0,53.38983051,50.35971223,43.75,46.03174603,53.7037037,0,286.3810042
329,419160,3,0,0,60.30534351,42.10526316,68.75,36.36363636,41.55844156,0,157.7278845
330,419160,6,1,1,42.10526316,60.30534351,31.25,43.75,31.57894737,1,321.6005133
331,419161,4,0,1,47.01492537,38.66666667,70,59.375,40.57971014,0,353.643029
332,419161,8,1,0,38.66666667,47.01492537,30,44.18604651,58.13953488,1,346.5669694
333,419162,2,0,1,50.35971223,57.14285714,42.10526316,45.90163934,43.5483871,0,184.3892327
334,419162,7,1,0,57.14285714,50.35971223,57.89473684,55.40540541,43.42105263,1,529.2990914
335,419163,1,0,0,51.51515152,53.38983051,40,44.92753623,56.4516129,1,411.9283905
336,419163,5,1,1,53.38983051,51.51515152,60,53.96825397,46.2962963,0,177.6715343
337,419164,3,1,0,60.30534351,47.01492537,58.82352941,63.63636364,41.55844156,1,382.4644401
338,419164,4,0,1,47.01492537,60.30534351,41.17647059,59.375,40.57971014,0,420.015815
339,419165,6,0,0,42.10526316,38.66666667,63.63636364,56.25,68.42105263,0,340.6897582
340,419165,8,1,1,38.66666667,42.10526316,36.36363636,44.18604651,41.86046512,1,363.3148659
341,419166,1,0,0,51.51515152,57.14285714,27.77777778,44.92753623,56.4516129,1,368.2609541
342,419166,7,1,1,57.14285714,51.51515152,72.22222222,55.40540541,56.57894737,0,118.1939931
343,419167,2,0,0,50.35971223,57.14285714,42.10526316,45.90163934,56.4516129,0,273.2029153
344,419167,7,1,1,57.14285714,50.35971223,57.89473684,55.40540541,56.57894737,1,570.4129889
345,419168,3,0,0,60.30534351,38.66666667,60,36.36363636,41.55844156,1,420.0756404
346,419168,8,1,1,38.66666667,60.30534351,40,44.18604651,41.86046512,0,277.0535841
347,419169,2,0,0,50.35971223,38.66666667,45.45454545,45.90163934,56.4516129,1,454.4872491
348,419169,8,1,1,38.66666667,50.35971223,54.54545455,44.18604651,41.86046512,0,40.57731311
349,419170,3,0,0,60.30534351,57.14285714,45.45454545,36.36363636,41.55844156,1,477.8197321
350,419170,7,1,1,57.14285714,60.30534351,54.54545455,55.40540541,56.57894737,0,270.0686477
351,501203,1,1,1,51.51515152,60.30534351,37.5,55.07246377,43.5483871,0,261.4380575
352,501203,3,0,0,60.30534351,51.51515152,62.5,36.36363636,41.55844156,1,405.1765675
353,501204,5,1,0,53.38983051,38.66666667,77.77777778,53.96825397,53.7037037,1,459.0897628
354,501204,8,0,1,38.66666667,53.38983051,22.22222222,55.81395349,41.86046512,0,158.3217871
355,501205,2,1,1,50.35971223,42.85714286,100,54.09836066,43.5483871,1,318.8410407
356,501205,9,0,0,42.85714286,50.35971223,0,50,71.42857143,0,238.8186168
357,501206,6,0,0,42.10526316,57.14285714,50,56.25,68.42105263,0,112.434665
358,501206,7,1,1,57.14285714,42.10526316,50,55.40540541,56.57894737,1,411.4699094
359,501207,10,0,0,26.08695652,47.01492537,50,85,70,1,372.0671257
360,501207,4,1,1,47.01492537,26.08695652,50,40.625,40.57971014,0,183.9836856
361,501208,1,0,0,51.51515152,38.66666667,77.77777778,44.92753623,56.4516129,1,465.8421974
362,501208,8,1,1,38.66666667,51.51515152,22.22222222,44.18604651,41.86046512,0,198.6970952
363,501209,5,0,0,53.38983051,42.10526316,62.5,46.03174603,53.7037037,1,377.7051776
364,501209,6,1,1,42.10526316,53.38983051,37.5,43.75,31.57894737,0,306.8975003
365,501210,2,0,1,50.35971223,57.14285714,42.10526316,45.90163934,43.5483871,0,150.8346303
366,501210,7,1,0,57.14285714,50.35971223,57.89473684,55.40540541,43.42105263,1,298.2986681
367,501211,3,1,0,60.30534351,47.01492537,58.82352941,63.63636364,41.55844156,0,397.1578162
368,501211,4,0,1,47.01492537,60.30534351,41.17647059,59.375,40.57971014,1,479.4931907
369,501212,10,0,0,26.08695652,42.85714286,100,85,70,1,404.4990845
370,501212,9,1,1,42.85714286,26.08695652,0,50,28.57142857,0,146.3746822
371,501213,2,1,0,50.35971223,38.66666667,45.45454545,54.09836066,56.4516129,0,284.2230814
372,501213,8,0,1,38.66666667,50.35971223,54.54545455,55.81395349,41.86046512,1,506.1650874
373,501214,1,1,0,51.51515152,53.38983051,40,55.07246377,56.4516129,1,317.3171112
374,501214,5,0,1,53.38983051,51.51515152,60,46.03174603,46.2962963,0,182.5444839
375,501215,7,0,1,57.14285714,42.85714286,0,44.59459459,56.57894737,0,327.7605784
376,501215,9,1,0,42.85714286,57.14285714,100,50,71.42857143,1,275.2503021
377,501216,2,1,1,50.35971223,60.30534351,36.84210526,54.09836066,43.5483871,0,351.5196613
378,501216,3,0,0,60.30534351,50.35971223,63.15789474,36.36363636,41.55844156,1,479.0520054
379,501217,4,1,0,47.01492537,38.66666667,70,40.625,59.42028986,1,386.4474511
380,501217,8,0,1,38.66666667,47.01492537,30,55.81395349,41.86046512,0,249.7577957
381,501218,10,0,1,26.08695652,42.10526316,33.33333333,85,30,0,420.956669
382,501218,6,1,0,42.10526316,26.08695652,66.66666667,43.75,68.42105263,1,426.5624273
383,501219,1,0,1,51.51515152,53.38983051,40,44.92753623,43.5483871,1,316.9453596
384,501219,5,1,0,53.38983051,51.51515152,60,53.96825397,53.7037037,0,121.2683859
385,501220,3,1,0,60.30534351,42.85714286,50,63.63636364,41.55844156,0,289.887187
386,501220,9,0,1,42.85714286,60.30534351,50,50,28.57142857,1,256.3322036
387,501221,6,0,0,42.10526316,38.66666667,63.63636364,56.25,68.42105263,0,252.0928476
388,501221,8,1,1,38.66666667,42.10526316,36.36363636,44.18604651,41.86046512,1,430.8211082
389,501223,10,1,1,26.08695652,57.14285714,16.66666667,15,30,0,123.4646485
390,501223,7,0,0,57.14285714,26.08695652,83.33333333,44.59459459,43.42105263,1,429.6679149
391,501224,1,0,1,51.51515152,42.85714286,0,44.92753623,43.5483871,0,181.5355655
392,501224,9,1,0,42.85714286,51.51515152,100,50,71.42857143,1,310.8953459
393,501225,4,0,1,47.01492537,53.38983051,40,59.375,40.57971014,1,447.919395
394,501225,5,1,0,53.38983051,47.01492537,60,53.96825397,53.7037037,0,306.2801208
395,501226,3,1,0,60.30534351,57.14285714,45.45454545,63.63636364,41.55844156,0,318.2086635
396,501226,7,0,1,57.14285714,60.30534351,54.54545455,44.59459459,56.57894737,1,520.756421
397,501227,1,0,1,51.51515152,50.35971223,50,44.92753623,43.5483871,0,188.3061204
398,501227,2,1,0,50.35971223,51.51515152,50,54.09836066,56.4516129,1,466.9318926
399,501228,4,1,0,47.01492537,42.10526316,55.55555556,40.625,59.42028986,0,397.9067317
400,501228,6,0,1,42.10526316,47.01492537,44.44444444,56.25,31.57894737,1,621.1957589
401,501229,7,1,0,57.14285714,38.66666667,60,55.40540541,43.42105263,1,474.8407677
402,501229,8,0,1,38.66666667,57.14285714,40,55.81395349,41.86046512,0,209.8819199
403,501230,5,0,1,53.38983051,42.85714286,50,46.03174603,46.2962963,1,495.7537147
404,501230,9,1,0,42.85714286,53.38983051,50,50,71.42857143,0,96.49293396
405,501231,10,1,0,26.08695652,60.30534351,33.33333333,15,70,0,259.9038042
406,501231,3,0,1,60.30534351,26.08695652,66.66666667,36.36363636,58.44155844,1,445.4703738
407,501232,2,1,0,50.35971223,42.10526316,64.70588235,54.09836066,56.4516129,1,297.3108496
408,501232,6,0,1,42.10526316,50.35971223,35.29411765,56.25,31.57894737,0,359.1676696
409,501233,10,0,0,26.08695652,60.30534351,33.33333333,85,70,0,213.0853513
410,501233,3,1,1,60.30534351,26.08695652,66.66666667,63.63636364,58.44155844,1,374.1528503
411,501234,8,1,0,38.66666667,42.85714286,100,44.18604651,58.13953488,1,511.0764276
412,501234,9,0,1,42.85714286,38.66666667,0,50,28.57142857,0,168.8884728
413,501235,1,1,0,51.51515152,42.10526316,58.82352941,55.07246377,56.4516129,1,390.8098821
414,501235,6,0,1,42.10526316,51.51515152,41.17647059,56.25,31.57894737,0,332.2497884
415,501236,5,0,1,53.38983051,57.14285714,37.5,46.03174603,46.2962963,1,251.9457986
416,501236,7,1,0,57.14285714,53.38983051,62.5,55.40540541,43.42105263,0,140.111483
417,501237,10,1,0,26.08695652,50.35971223,0,15,70,0,350.3978263
418,501237,2,0,1,50.35971223,26.08695652,100,45.90163934,43.5483871,1,404.4170436
419,501238,6,1,1,42.10526316,42.85714286,50,43.75,31.57894737,1,486.7480464
420,501238,9,0,0,42.85714286,42.10526316,50,50,71.42857143,0,242.458343
421,501239,1,0,1,51.51515152,47.01492537,68.42105263,44.92753623,43.5483871,1,272.4424771
422,501239,4,1,0,47.01492537,51.51515152,31.57894737,40.625,59.42028986,0,110.386231
423,501240,10,1,0,26.08695652,53.38983051,20,15,70,0,273.2778197
424,501240,5,0,1,53.38983051,26.08695652,80,46.03174603,46.2962963,1,415.1928691
425,501241,3,0,0,60.30534351,38.66666667,60,36.36363636,41.55844156,1,470.2720156
426,501241,8,1,1,38.66666667,60.30534351,40,44.18604651,41.86046512,0,367.0747303
427,501242,4,1,0,47.01492537,57.14285714,50,40.625,59.42028986,0,265.3934191
428,501242,7,0,1,57.14285714,47.01492537,50,44.59459459,56.57894737,1,472.1920722
429,501243,6,0,1,42.10526316,42.85714286,50,56.25,31.57894737,0,216.7137712
430,501243,9,1,0,42.85714286,42.10526316,50,50,71.42857143,1,346.5788662
431,501244,1,1,0,51.51515152,38.66666667,77.77777778,55.07246377,56.4516129,1,350.3980261
432,501244,8,0,1,38.66666667,51.51515152,22.22222222,55.81395349,41.86046512,0,269.8702706
433,501245,3,0,0,60.30534351,53.38983051,64.70588235,36.36363636,41.55844156,1,381.5918257
434,501245,5,1,1,53.38983051,60.30534351,35.29411765,53.96825397,46.2962963,0,233.6815323
435,501246,10,0,1,26.08695652,57.14285714,16.66666667,85,30,0,295.8242141
436,501246,7,1,0,57.14285714,26.08695652,83.33333333,55.40540541,43.42105263,1,365.3273126
437,501247,1,1,0,51.51515152,42.85714286,0,55.07246377,56.4516129,0,293.5759623
438,501247,9,0,1,42.85714286,51.51515152,100,50,28.57142857,1,411.1418782
439,501248,6,1,0,42.10526316,38.66666667,63.63636364,43.75,68.42105263,1,504.7138399
440,501248,8,0,1,38.66666667,42.10526316,36.36363636,55.81395349,41.86046512,0,438.9109196
441,501249,2,0,1,50.35971223,47.01492537,44.44444444,45.90163934,43.5483871,1,602.0007732
442,501249,4,1,0,47.01492537,50.35971223,55.55555556,40.625,59.42028986,0,211.4300248
443,501250,1,0,0,51.51515152,60.30534351,37.5,44.92753623,56.4516129,1,161.5367843
444,501250,3,1,1,60.30534351,51.51515152,62.5,63.63636364,58.44155844,0,174.0312121
445,501251,6,1,0,42.10526316,57.14285714,50,43.75,68.42105263,0,251.1358527
446,501251,7,0,1,57.14285714,42.10526316,50,44.59459459,56.57894737,1,542.8804814
447,501252,2,0,0,50.35971223,42.85714286,100,45.90163934,56.4516129,1,458.9283538
448,501252,9,1,1,42.85714286,50.35971223,0,50,28.57142857,0,81.72254921
449,501253,10,1,1,26.08695652,47.01492537,50,15,30,1,347.9424981
450,501253,4,0,0,47.01492537,26.08695652,50,59.375,59.42028986,0,231.4934417
451,501254,3,1,0,60.30534351,53.38983051,64.70588235,63.63636364,41.55844156,1,543.3804237
452,501254,5,0,1,53.38983051,60.30534351,35.29411765,46.03174603,46.2962963,0,233.7483052
453,501255,10,1,1,26.08695652,38.66666667,25,15,30,1,385.9490937
454,501255,8,0,0,38.66666667,26.08695652,75,55.81395349,58.13953488,0,202.8953454
455,501256,4,0,1,47.01492537,57.14285714,50,59.375,40.57971014,1,443.198974
456,501256,7,1,0,57.14285714,47.01492537,50,55.40540541,43.42105263,0,366.3508872
457,501257,2,1,0,50.35971223,53.38983051,56.25,54.09836066,56.4516129,1,371.2997395
458,501257,5,0,1,53.38983051,50.35971223,43.75,46.03174603,46.2962963,0,161.2973786
459,501258,3,0,0,60.30534351,42.10526316,68.75,36.36363636,41.55844156,1,478.8001485
460,501258,6,1,1,42.10526316,60.30534351,31.25,43.75,31.57894737,0,285.6613523
461,501259,4,1,0,47.01492537,42.85714286,100,40.625,59.42028986,1,473.8647586
462,501259,9,0,1,42.85714286,47.01492537,0,50,28.57142857,0,298.7729249
463,501260,1,1,0,51.51515152,50.35971223,50,55.07246377,56.4516129,0,286.5770183
464,501260,2,0,1,50.35971223,51.51515152,50,45.90163934,43.5483871,1,276.467635
465,501261,7,0,0,57.14285714,38.66666667,60,44.59459459,43.42105263,0,259.7938279
466,501261,8,1,1,38.66666667,57.14285714,40,44.18604651,41.86046512,1,337.7551271
467,501262,4,0,1,47.01492537,42.10526316,55.55555556,59.375,40.57971014,1,412.797993
468,501262,6,1,0,42.10526316,47.01492537,44.44444444,43.75,68.42105263,0,294.9540753
469,501263,5,1,0,53.38983051,42.85714286,50,53.96825397,53.7037037,0,124.081685
470,501263,9,0,1,42.85714286,53.38983051,50,50,28.57142857,1,322.8274721
471,501264,10,0,1,26.08695652,38.66666667,25,85,30,0,122.9785398
472,501264,8,1,0,38.66666667,26.08695652,75,44.18604651,58.13953488,1,369.1728243
473,501265,2,1,1,50.35971223,47.01492537,44.44444444,54.09836066,43.5483871,0,115.2690672
474,501265,4,0,0,47.01492537,50.35971223,55.55555556,59.375,59.42028986,1,715.3059173
475,501266,3,0,0,60.30534351,42.85714286,50,36.36363636,41.55844156,1,319.5850161
476,501266,9,1,1,42.85714286,60.30534351,50,50,28.57142857,0,241.0909507
477,501267,1,1,0,51.51515152,26.08695652,80,55.07246377,56.4516129,1,287.7000977
478,501267,10,0,1,26.08695652,51.51515152,20,85,30,0,161.3416887
479,501268,5,1,1,53.38983051,57.14285714,37.5,53.96825397,46.2962963,1,399.8246823
480,501268,7,0,0,57.14285714,53.38983051,62.5,44.59459459,43.42105263,0,157.8291515
481,501269,4,0,1,47.01492537,38.66666667,70,59.375,40.57971014,0,152.4335411
482,501269,8,1,0,38.66666667,47.01492537,30,44.18604651,58.13953488,1,660.9153414
483,501270,10,1,1,26.08695652,42.10526316,50,15,30,1,81.5
484,501270,6,0,0,42.10526316,26.08695652,50,56.25,68.42105263,0,57.20178009
485,501271,2,0,1,50.35971223,60.30534351,36.84210526,45.90163934,43.5483871,1,364.8005122
486,501271,3,1,0,60.30534351,50.35971223,63.15789474,63.63636364,41.55844156,0,218.7482207
487,501272,1,0,1,51.51515152,57.14285714,27.77777778,44.92753623,43.5483871,0,355.3108835
488,501272,7,1,0,57.14285714,51.51515152,72.22222222,55.40540541,43.42105263,1,361.5819967
489,501273,2,0,1,50.35971223,60.30534351,36.84210526,45.90163934,43.5483871,0,347.0894278
490,501273,3,1,0,60.30534351,50.35971223,63.15789474,63.63636364,41.55844156,1,360.662362
491,501274,1,1,0,51.51515152,57.14285714,27.77777778,55.07246377,56.4516129,0,347.6285507
492,501274,7,0,1,57.14285714,51.51515152,72.22222222,44.59459459,56.57894737,1,389.0261664
493,501275,2,0,1,50.35971223,57.14285714,42.10526316,45.90163934,43.5483871,1,489.2767908
494,501275,7,1,0,57.14285714,50.35971223,57.89473684,55.40540541,43.42105263,0,191.8022551
495,501276,2,1,1,50.35971223,60.30534351,36.84210526,54.09836066,43.5483871,0,213.3019191
496,501276,3,0,0,60.30534351,50.35971223,63.15789474,36.36363636,41.55844156,1,572.8505174
497,548311,3,0,1,60.30534351,57.14285714,45.45454545,36.36363636,58.44155844,0,148.0859902
498,548311,7,1,0,57.14285714,60.30534351,54.54545455,55.40540541,43.42105263,1,461.0953054
499,548312,1,0,1,51.51515152,42.10526316,58.82352941,44.92753623,43.5483871,0,105.1390203
500,548312,6,1,0,42.10526316,51.51515152,41.17647059,43.75,68.42105263,1,431.1463013
501,548313,10,1,0,26.08695652,57.14285714,16.66666667,15,70,1,120.3522696
502,548313,7,0,1,57.14285714,26.08695652,83.33333333,44.59459459,56.57894737,0,76.1237231
503,548314,4,1,0,47.01492537,53.38983051,40,40.625,59.42028986,0,185.4056339
504,548314,5,0,1,53.38983051,47.01492537,60,46.03174603,46.2962963,1,246.9732534
505,548315,2,0,1,50.35971223,42.10526316,58.82352941,45.90163934,43.5483871,1,228.902856
506,548315,6,1,0,42.10526316,50.35971223,41.17647059,43.75,68.42105263,0,186.2126335
507,548316,3,1,0,60.30534351,38.66666667,60,63.63636364,41.55844156,1,246.7796285
508,548316,8,0,1,38.66666667,60.30534351,40,55.81395349,41.86046512,0,138.9934501
509,548317,1,1,0,51.51515152,53.38983051,40,55.07246377,56.4516129,0,151.048499
510,548317,5,0,1,53.38983051,51.51515152,60,46.03174603,46.2962963,1,249.6568967
511,548318,10,0,0,26.08695652,47.01492537,50,85,70,1,260.1960367
512,548318,4,1,1,47.01492537,26.08695652,50,40.625,40.57971014,0,101.6526619
513,548319,7,1,1,57.14285714,38.66666667,60,55.40540541,56.57894737,1,234.6317703
514,548319,8,0,0,38.66666667,57.14285714,40,55.81395349,58.13953488,0,204.8110799
515,548320,1,1,0,51.51515152,50.35971223,50,55.07246377,56.4516129,1,269.5431621
516,548320,2,0,1,50.35971223,51.51515152,50,45.90163934,43.5483871,0,63.67942814
517,548321,3,1,0,60.30534351,42.10526316,68.75,63.63636364,41.55844156,0,97.86917774
518,548321,6,0,1,42.10526316,60.30534351,31.25,56.25,31.57894737,1,182.4167236
519,548322,5,1,0,53.38983051,57.14285714,37.5,53.96825397,53.7037037,0,255.6188339
520,548322,7,0,1,57.14285714,53.38983051,62.5,44.59459459,56.57894737,1,329.8638587
521,548323,2,1,1,50.35971223,60.30534351,36.84210526,54.09836066,43.5483871,0,338.1712177
522,548323,3,0,0,60.30534351,50.35971223,63.15789474,36.36363636,41.55844156,1,423.7051381
523,548324,10,1,0,26.08695652,47.01492537,50,15,70,0,144.4800518
524,548324,4,0,1,47.01492537,26.08695652,50,59.375,40.57971014,1,152.972526
525,548325,1,0,0,51.51515152,53.38983051,40,44.92753623,56.4516129,1,186.8415161
526,548325,5,1,1,53.38983051,51.51515152,60,53.96825397,46.2962963,0,151.2447013
527,548326,6,0,0,42.10526316,38.66666667,63.63636364,56.25,68.42105263,1,312.3411241
528,548326,8,1,1,38.66666667,42.10526316,36.36363636,44.18604651,41.86046512,0,217.3010686
529,548327,10,0,0,26.08695652,60.30534351,33.33333333,85,70,1,246.7931051
530,548327,3,1,1,60.30534351,26.08695652,66.66666667,63.63636364,58.44155844,0,159.254184
531,548328,1,0,1,51.51515152,47.01492537,68.42105263,44.92753623,43.5483871,0,168.9631466
532,548328,4,1,0,47.01492537,51.51515152,31.57894737,40.625,59.42028986,1,94.13377741
533,548329,2,0,0,50.35971223,53.38983051,50,45.90163934,56.4516129,0,161.1207313
534,548329,5,1,1,53.38983051,50.35971223,50,53.96825397,46.2962963,1,426.3851577
535,548330,6,1,0,42.10526316,57.14285714,50,43.75,68.42105263,1,124.7530955
536,548330,7,0,1,57.14285714,42.10526316,50,44.59459459,56.57894737,0,60.31386808
537,548331,5,0,0,53.38983051,38.66666667,77.77777778,46.03174603,53.7037037,1,357.5737958
538,548331,8,1,1,38.66666667,53.38983051,22.22222222,44.18604651,41.86046512,0,350.4667827
539,548332,10,1,1,26.08695652,50.35971223,0,15,30,0,314.7067033
540,548332,2,0,0,50.35971223,26.08695652,100,45.90163934,56.4516129,1,333.4031556
541,548333,1,1,1,51.51515152,47.01492537,68.42105263,55.07246377,43.5483871,1,195.3005913
542,548333,4,0,0,47.01492537,51.51515152,31.57894737,59.375,59.42028986,0,157.8500876
543,548334,6,1,1,42.10526316,38.66666667,63.63636364,43.75,31.57894737,1,405.1903153
544,548334,8,0,0,38.66666667,42.10526316,36.36363636,55.81395349,58.13953488,0,357.6771184
545,548335,10,1,0,26.08695652,60.30534351,33.33333333,15,70,0,198.6752941
546,548335,3,0,1,60.30534351,26.08695652,66.66666667,36.36363636,58.44155844,1,279.4624444
547,548336,2,1,0,50.35971223,47.01492537,44.44444444,54.09836066,56.4516129,1,271.9050229
548,548336,4,0,1,47.01492537,50.35971223,55.55555556,59.375,40.57971014,0,244.8591778
549,548337,3,0,0,60.30534351,53.38983051,64.70588235,36.36363636,41.55844156,1,226.0258642
550,548337,5,1,1,53.38983051,60.30534351,35.29411765,53.96825397,46.2962963,0,184.6426879
551,548338,10,1,0,26.08695652,42.10526316,50,15,70,1,324.2774052
552,548338,6,0,1,42.10526316,26.08695652,50,56.25,31.57894737,0,310.1785199
553,548339,4,1,1,47.01492537,57.14285714,50,40.625,40.57971014,1,273.7610076
554,548339,7,0,0,57.14285714,47.01492537,50,44.59459459,43.42105263,0,259.6749136
555,548340,1,1,0,51.51515152,38.66666667,77.77777778,55.07246377,56.4516129,1,152.5705095
556,548340,8,0,1,38.66666667,51.51515152,22.22222222,55.81395349,41.86046512,0,161.2458096
557,548341,2,1,0,50.35971223,53.38983051,56.25,54.09836066,56.4516129,1,347.3967412
558,548341,5,0,1,53.38983051,50.35971223,43.75,46.03174603,46.2962963,0,158.291342
559,548342,10,0,0,26.08695652,42.10526316,33.33333333,85,70,0,215.98142
560,548342,6,1,1,42.10526316,26.08695652,66.66666667,43.75,31.57894737,1,256.0328185
561,548344,4,0,0,47.01492537,57.14285714,50,59.375,59.42028986,0,267.8650721
562,548344,7,1,1,57.14285714,47.01492537,50,55.40540541,56.57894737,1,317.7948943
563,548346,10,0,0,26.08695652,38.66666667,25,85,70,0,200.3593818
564,548346,8,1,1,38.66666667,26.08695652,75,44.18604651,41.86046512,1,290.1011159
565,548347,6,0,1,42.10526316,57.14285714,50,56.25,31.57894737,1,432.2165549
566,548347,7,1,0,57.14285714,42.10526316,50,55.40540541,43.42105263,0,274.6122765
567,548348,3,0,0,60.30534351,47.01492537,58.82352941,36.36363636,41.55844156,0,166.8845576
568,548348,4,1,1,47.01492537,60.30534351,41.17647059,40.625,40.57971014,1,231.0634078
569,548349,1,0,0,51.51515152,50.35971223,50,44.92753623,56.4516129,1,324.4973731
570,548349,2,1,1,50.35971223,51.51515152,50,54.09836066,43.5483871,0,200.184794
571,548350,5,1,1,53.38983051,42.10526316,62.5,53.96825397,46.2962963,0,206.6881525
572,548350,6,0,0,42.10526316,53.38983051,37.5,56.25,68.42105263,1,248.4752394
573,548351,7,0,1,57.14285714,38.66666667,60,44.59459459,56.57894737,1,96.50093001
574,548351,8,1,0,38.66666667,57.14285714,40,44.18604651,58.13953488,0,125.3565169
575,548352,1,1,1,51.51515152,60.30534351,37.5,55.07246377,43.5483871,1,199.2371029
576,548352,3,0,0,60.30534351,51.51515152,62.5,36.36363636,41.55844156,0,181.7121153
577,548353,10,1,1,26.08695652,38.66666667,25,15,30,0,268.0445902
578,548353,8,0,0,38.66666667,26.08695652,75,55.81395349,58.13953488,1,334.5996599
579,548354,5,0,0,53.38983051,42.10526316,62.5,46.03174603,53.7037037,0,194.9197281
580,548354,6,1,1,42.10526316,53.38983051,37.5,43.75,31.57894737,1,297.997174
581,548355,2,0,1,50.35971223,47.01492537,44.44444444,45.90163934,43.5483871,0,253.2150725
582,548355,4,1,0,47.01492537,50.35971223,55.55555556,40.625,59.42028986,1,254.8978445
583,548356,10,0,0,26.08695652,57.14285714,16.66666667,85,70,0,127.1341333
584,548356,7,1,1,57.14285714,26.08695652,83.33333333,55.40540541,56.57894737,1,110.1692724
585,548357,3,0,0,60.30534351,38.66666667,60,36.36363636,41.55844156,1,250.3587534
586,548357,8,1,1,38.66666667,60.30534351,40,44.18604651,41.86046512,0,231.1368026
587,548358,1,0,0,51.51515152,26.08695652,80,44.92753623,56.4516129,1,201.1864121
588,548358,10,1,1,26.08695652,51.51515152,20,15,30,0,154.5031477
589,548359,4,0,0,47.01492537,53.38983051,40,59.375,59.42028986,0,148.3185772
590,548359,5,1,1,53.38983051,47.01492537,60,53.96825397,46.2962963,1,283.6845809
591,548360,3,1,0,60.30534351,57.14285714,45.45454545,63.63636364,41.55844156,0,251.8649159
592,548360,7,0,1,57.14285714,60.30534351,54.54545455,44.59459459,56.57894737,1,358.3173809
593,548361,2,0,1,50.35971223,38.66666667,45.45454545,45.90163934,43.5483871,1,356.2982291
594,548361,8,1,0,38.66666667,50.35971223,54.54545455,44.18604651,58.13953488,0,317.8859475
595,548362,1,1,1,51.51515152,42.10526316,58.82352941,55.07246377,43.5483871,1,227.5655941
596,548362,6,0,0,42.10526316,51.51515152,41.17647059,56.25,68.42105263,0,228.6397277
597,548363,10,0,0,26.08695652,53.38983051,20,85,70,0,148.6283228
598,548363,5,1,1,53.38983051,26.08695652,80,53.96825397,46.2962963,1,222.7191756
599,548364,4,1,0,47.01492537,38.66666667,70,40.625,59.42028986,1,281.9236671
600,548364,8,0,1,38.66666667,47.01492537,30,55.81395349,41.86046512,0,180.785363
601,548365,2,1,0,50.35971223,57.14285714,42.10526316,54.09836066,56.4516129,1,210.2470717
602,548365,7,0,1,57.14285714,50.35971223,57.89473684,44.59459459,56.57894737,0,155.8026337
603,548366,3,1,0,60.30534351,53.38983051,64.70588235,63.63636364,41.55844156,1,194.5856471
604,548366,5,0,1,53.38983051,60.30534351,35.29411765,46.03174603,46.2962963,0,114.7221388
605,548367,10,0,1,26.08695652,50.35971223,0,85,30,0,193.2541696
606,548367,2,1,0,50.35971223,26.08695652,100,54.09836066,56.4516129,1,305.526736
607,548368,1,0,0,51.51515152,57.14285714,27.77777778,44.92753623,56.4516129,0,255.6659069
608,548368,7,1,1,57.14285714,51.51515152,72.22222222,55.40540541,56.57894737,1,343.6144204
609,548369,3,0,1,60.30534351,42.10526316,68.75,36.36363636,58.44155844,1,144.9873323
610,548369,6,1,0,42.10526316,60.30534351,31.25,43.75,68.42105263,0,136.0413477
611,548370,10,1,1,26.08695652,53.38983051,20,15,30,0,139.877675
612,548370,5,0,0,53.38983051,26.08695652,80,46.03174603,53.7037037,1,317.9881689
613,548371,4,0,0,47.01492537,38.66666667,70,59.375,59.42028986,1,366.1345981
614,548371,8,1,1,38.66666667,47.01492537,30,44.18604651,41.86046512,0,344.0926184
615,548372,2,0,1,50.35971223,57.14285714,42.10526316,45.90163934,43.5483871,0,292.4753702
616,548372,7,1,0,57.14285714,50.35971223,57.89473684,55.40540541,43.42105263,1,296.6877161
617,548373,1,0,1,51.51515152,60.30534351,37.5,44.92753623,43.5483871,0,270.572498
618,548373,3,1,0,60.30534351,51.51515152,62.5,63.63636364,41.55844156,1,252.6816726
619,548374,4,1,1,47.01492537,42.10526316,55.55555556,40.625,40.57971014,0,187.1041696
620,548374,6,0,0,42.10526316,47.01492537,44.44444444,56.25,68.42105263,1,228.7687563
621,548375,1,1,0,51.51515152,57.14285714,27.77777778,55.07246377,56.4516129,1,133.9756323
622,548375,7,0,1,57.14285714,51.51515152,72.22222222,44.59459459,56.57894737,0,125.5521442
623,548376,3,1,0,60.30534351,47.01492537,58.82352941,63.63636364,41.55844156,0,149.9151534
624,548376,4,0,1,47.01492537,60.30534351,41.17647059,59.375,40.57971014,1,192.3524213
625,548377,2,1,0,50.35971223,42.10526316,64.70588235,54.09836066,56.4516129,1,455.9149425
626,548377,6,0,1,42.10526316,50.35971223,35.29411765,56.25,31.57894737,0,392.9262734
627,548378,5,1,1,53.38983051,38.66666667,77.77777778,53.96825397,46.2962963,0,144.6606721
628,548378,8,0,0,38.66666667,53.38983051,22.22222222,55.81395349,58.13953488,1,180.8077986
629,548379,4,0,1,47.01492537,42.10526316,55.55555556,59.375,40.57971014,0,161.9224363
630,548379,6,1,0,42.10526316,47.01492537,44.44444444,43.75,68.42105263,1,253.5940202
631,548380,1,1,1,51.51515152,26.08695652,80,55.07246377,43.5483871,1,169.4933936
632,548380,10,0,0,26.08695652,51.51515152,20,85,70,0,98.44694408
633,548381,2,1,0,50.35971223,38.66666667,45.45454545,54.09836066,56.4516129,0,162.5148891
634,548381,8,0,1,38.66666667,50.35971223,54.54545455,55.81395349,41.86046512,1,186.8029833
635,548382,5,0,0,53.38983051,57.14285714,37.5,46.03174603,53.7037037,0,162.9488823
636,548382,7,1,1,57.14285714,53.38983051,62.5,55.40540541,56.57894737,1,229.7167047
637,548383,1,1,1,51.51515152,42.10526316,58.82352941,55.07246377,43.5483871,1,263.3283649
638,548383,6,0,0,42.10526316,51.51515152,41.17647059,56.25,68.42105263,0,174.690073
639,548384,3,0,1,60.30534351,57.14285714,45.45454545,36.36363636,58.44155844,1,370.8642694
640,548384,7,1,0,57.14285714,60.30534351,54.54545455,55.40540541,43.42105263,0,183.9939845
641,548385,3,1,0,60.30534351,42.10526316,68.75,63.63636364,41.55844156,1,498.9798461
642,548385,6,0,1,42.10526316,60.30534351,31.25,56.25,31.57894737,0,224.807441
643,548386,1,0,0,51.51515152,60.30534351,37.5,44.92753623,56.4516129,1,377.5242342
644,548386,3,1,1,60.30534351,51.51515152,62.5,63.63636364,58.44155844,0,340.728555
645,598003,1,0,1,51.51515152,42.10526316,58.82352941,44.92753623,43.5483871,1,161.2793768
646,598003,6,1,0,42.10526316,51.51515152,41.17647059,43.75,68.42105263,0,192.0118311
647,598004,2,0,1,50.35971223,57.14285714,42.10526316,45.90163934,43.5483871,1,230.8504542
648,598004,7,1,0,57.14285714,50.35971223,57.89473684,55.40540541,43.42105263,0,253.8224846
649,598005,10,1,0,26.08695652,54.83870968,0,15,70,0,124.081334
650,598005,11,0,1,54.83870968,26.08695652,100,53.33333333,48.64864865,1,183.524165
651,598006,5,1,1,53.38983051,42.10526316,62.5,53.96825397,46.2962963,1,172.3984742
652,598006,6,0,0,42.10526316,53.38983051,37.5,56.25,68.42105263,0,233.7000612
653,598007,3,0,0,60.30534351,57.14285714,45.45454545,36.36363636,41.55844156,0,199.7571823
654,598007,7,1,1,57.14285714,60.30534351,54.54545455,55.40540541,56.57894737,1,195.6818011
655,598008,10,0,0,26.08695652,47.01492537,50,85,70,0,93.4725547
656,598008,4,1,1,47.01492537,26.08695652,50,40.625,40.57971014,1,144.8770199
657,598009,11,0,0,54.83870968,50.35971223,55.55555556,53.33333333,51.35135135,1,165.3119784
658,598009,2,1,1,50.35971223,54.83870968,44.44444444,54.09836066,43.5483871,0,189.3472394
659,598010,1,1,0,51.51515152,53.38983051,40,55.07246377,56.4516129,0,150.9554879
660,598010,5,0,1,53.38983051,51.51515152,60,46.03174603,46.2962963,1,162.3160373
661,598011,6,1,1,42.10526316,57.14285714,50,43.75,31.57894737,0,214.0676422
662,598011,7,0,0,57.14285714,42.10526316,50,44.59459459,43.42105263,1,424.0468981
663,598012,3,1,0,60.30534351,47.01492537,58.82352941,63.63636364,41.55844156,1,223.4080698
664,598012,4,0,1,47.01492537,60.30534351,41.17647059,59.375,40.57971014,0,188.4286884
665,598013,1,1,0,51.51515152,50.35971223,50,55.07246377,56.4516129,0,224.3401933
666,598013,2,0,1,50.35971223,51.51515152,50,45.90163934,43.5483871,1,231.497242
667,598014,10,0,0,26.08695652,53.38983051,20,85,70,1,225.7845382
668,598014,5,1,1,53.38983051,26.08695652,80,53.96825397,46.2962963,0,205.2479545
669,598015,11,1,1,54.83870968,42.10526316,62.5,46.66666667,48.64864865,1,131.6224082
670,598015,6,0,0,42.10526316,54.83870968,37.5,56.25,68.42105263,0,138.229309
671,598016,10,1,1,26.08695652,57.14285714,16.66666667,15,30,0,133.3713231
672,598016,7,0,0,57.14285714,26.08695652,83.33333333,44.59459459,43.42105263,1,322.1580816
673,598017,2,1,0,50.35971223,60.30534351,36.84210526,54.09836066,56.4516129,0,304.1003079
674,598017,3,0,1,60.30534351,50.35971223,63.15789474,36.36363636,58.44155844,1,170.0518247
675,598018,1,0,0,51.51515152,54.83870968,66.66666667,44.92753623,56.4516129,1,283.1277126
676,598018,11,1,1,54.83870968,51.51515152,33.33333333,46.66666667,48.64864865,0,150.3602481
677,598019,4,1,0,47.01492537,53.38983051,40,40.625,59.42028986,0,129.7912837
678,598019,5,0,1,53.38983051,47.01492537,60,46.03174603,46.2962963,1,156.4612344
679,598020,10,1,1,26.08695652,60.30534351,33.33333333,15,30,1,275.7467249
680,598020,3,0,0,60.30534351,26.08695652,66.66666667,36.36363636,41.55844156,0,123.8872973
681,598021,1,1,0,51.51515152,47.01492537,68.42105263,55.07246377,56.4516129,0,204.0184508
682,598021,4,0,1,47.01492537,51.51515152,31.57894737,59.375,40.57971014,1,150.6052294
683,598022,2,0,1,50.35971223,42.10526316,58.82352941,45.90163934,43.5483871,1,261.6148218
684,598022,6,1,0,42.10526316,50.35971223,41.17647059,43.75,68.42105263,0,257.2073908
685,598023,10,0,1,26.08695652,54.83870968,0,85,30,0,143.7806826
686,598023,11,1,0,54.83870968,26.08695652,100,46.66666667,51.35135135,1,100.09407
687,598024,5,0,0,53.38983051,57.14285714,37.5,46.03174603,53.7037037,1,259.0859285
688,598024,7,1,1,57.14285714,53.38983051,62.5,55.40540541,56.57894737,0,68.89554086
689,598025,3,1,1,60.30534351,42.10526316,68.75,63.63636364,58.44155844,1,263.1021981
690,598025,6,0,0,42.10526316,60.30534351,31.25,56.25,68.42105263,0,91.46838889
691,598026,11,0,0,54.83870968,47.01492537,75,53.33333333,51.35135135,1,173.7761885
692,598026,4,1,1,47.01492537,54.83870968,25,40.625,40.57971014,0,137.2688528
693,598027,1,0,0,51.51515152,60.30534351,37.5,44.92753623,56.4516129,0,117.1950585
694,598027,3,1,1,60.30534351,51.51515152,62.5,63.63636364,58.44155844,1,107.4436057
695,598028,2,0,1,50.35971223,53.38983051,50,45.90163934,43.5483871,1,128.0514441
696,598028,5,1,0,53.38983051,50.35971223,50,53.96825397,53.7037037,0,105.2010225
697,598029,6,0,0,42.10526316,57.14285714,50,56.25,68.42105263,1,297.5225856
698,598029,7,1,1,57.14285714,42.10526316,50,55.40540541,56.57894737,0,285.5938496
699,598030,10,1,0,26.08695652,47.01492537,50,15,70,0,339.4680582
700,598030,4,0,1,47.01492537,26.08695652,50,59.375,40.57971014,1,368.6435909
701,598031,3,0,0,60.30534351,53.38983051,64.70588235,36.36363636,41.55844156,1,402.3294281
702,598031,5,1,1,53.38983051,60.30534351,35.29411765,53.96825397,46.2962963,0,398.6324284
703,598032,10,1,0,26.08695652,50.35971223,0,15,70,0,245.1712757
704,598032,2,0,1,50.35971223,26.08695652,100,45.90163934,43.5483871,1,881.1388854
705,598033,4,0,1,47.01492537,42.10526316,55.55555556,59.375,40.57971014,1,413.1789128
706,598033,6,1,0,42.10526316,47.01492537,44.44444444,43.75,68.42105263,0,271.1494116
707,598034,1,0,0,51.51515152,57.14285714,27.77777778,44.92753623,56.4516129,0,291.7435701
708,598034,7,1,1,57.14285714,51.51515152,72.22222222,55.40540541,56.57894737,1,370.7438247
709,598035,11,1,1,54.83870968,60.30534351,33.33333333,46.66666667,48.64864865,0,401.2563386
710,598035,3,0,0,60.30534351,54.83870968,66.66666667,36.36363636,41.55844156,1,423.2696988
711,598036,1,0,0,51.51515152,47.01492537,68.42105263,44.92753623,56.4516129,1,358.9849521
712,598036,4,1,1,47.01492537,51.51515152,31.57894737,40.625,40.57971014,0,280.0083578
713,598037,11,1,1,54.83870968,53.38983051,42.85714286,46.66666667,48.64864865,0,173.473991
714,598037,5,0,0,53.38983051,54.83870968,57.14285714,46.03174603,53.7037037,1,574.0959292
715,598038,2,1,1,50.35971223,57.14285714,42.10526316,54.09836066,43.5483871,0,253.9663548
716,598038,7,0,0,57.14285714,50.35971223,57.89473684,44.59459459,43.42105263,1,407.9363497
717,598039,1,1,0,51.51515152,60.30534351,37.5,55.07246377,56.4516129,0,321.58821
718,598039,3,0,1,60.30534351,51.51515152,62.5,36.36363636,58.44155844,1,397.4879272
719,598040,10,1,0,26.08695652,42.10526316,50,15,70,0,305.7671502
720,598040,6,0,1,42.10526316,26.08695652,50,56.25,31.57894737,1,397.2243259
721,598041,2,1,0,50.35971223,53.38983051,56.25,54.09836066,56.4516129,0,332.90996
722,598041,5,0,1,53.38983051,50.35971223,43.75,46.03174603,46.2962963,1,486.9431421
723,598042,4,1,1,47.01492537,57.14285714,50,40.625,40.57971014,0,247.1663132
724,598042,7,0,0,57.14285714,47.01492537,50,44.59459459,43.42105263,1,589.3867855
725,598043,10,0,0,26.08695652,60.30534351,33.33333333,85,70,0,126.6102049
726,598043,3,1,1,60.30534351,26.08695652,66.66666667,63.63636364,58.44155844,1,550.0709595
727,598044,11,0,0,54.83870968,57.14285714,50,53.33333333,51.35135135,1,279.2020083
728,598044,7,1,1,57.14285714,54.83870968,50,55.40540541,56.57894737,0,185.0848111
729,598045,1,1,1,51.51515152,42.10526316,58.82352941,55.07246377,43.5483871,0,151.2715237
730,598045,6,0,0,42.10526316,51.51515152,41.17647059,56.25,68.42105263,1,467.4967119
731,598046,3,0,0,60.30534351,47.01492537,58.82352941,36.36363636,41.55844156,1,488.6425673
732,598046,4,1,1,47.01492537,60.30534351,41.17647059,40.625,40.57971014,0,368.288393
733,598047,10,0,0,26.08695652,50.35971223,0,85,70,0,269.3573639
734,598047,2,1,1,50.35971223,26.08695652,100,54.09836066,43.5483871,1,570.2517514
735,598048,1,0,0,51.51515152,53.38983051,40,44.92753623,56.4516129,1,306.5380246
736,598048,5,1,1,53.38983051,51.51515152,60,53.96825397,46.2962963,0,176.8899754
737,598049,11,0,0,54.83870968,42.10526316,62.5,53.33333333,51.35135135,1,356.7285461
738,598049,6,1,1,42.10526316,54.83870968,37.5,43.75,31.57894737,0,158.2907394
739,598050,2,0,1,50.35971223,47.01492537,44.44444444,45.90163934,43.5483871,0,312.5322976
740,598050,4,1,0,47.01492537,50.35971223,55.55555556,40.625,59.42028986,1,421.514108
741,598051,3,1,1,60.30534351,57.14285714,45.45454545,63.63636364,58.44155844,0,143.8092542
742,598051,7,0,0,57.14285714,60.30534351,54.54545455,44.59459459,43.42105263,1,397.7179714
743,598052,10,1,1,26.08695652,53.38983051,20,15,30,0,306.1852102
744,598052,5,0,0,53.38983051,26.08695652,80,46.03174603,53.7037037,1,339.0590205
745,598053,11,1,1,54.83870968,50.35971223,55.55555556,46.66666667,48.64864865,0,284.9051883
746,598053,2,0,0,50.35971223,54.83870968,44.44444444,45.90163934,56.4516129,1,415.3909586
747,598054,5,0,0,53.38983051,42.10526316,62.5,46.03174603,53.7037037,1,345.7936549
748,598054,6,1,1,42.10526316,53.38983051,37.5,43.75,31.57894737,0,236.4699219
749,598055,1,1,1,51.51515152,57.14285714,27.77777778,55.07246377,43.5483871,0,254.252648
750,598055,7,0,0,57.14285714,51.51515152,72.22222222,44.59459459,43.42105263,1,462.0871653
751,598056,11,0,1,54.83870968,60.30534351,33.33333333,53.33333333,48.64864865,0,187.2644424
752,598056,3,1,0,60.30534351,54.83870968,66.66666667,63.63636364,41.55844156,1,578.4695884
753,598057,4,0,1,47.01492537,53.38983051,40,59.375,40.57971014,0,187.9530949
754,598057,5,1,0,53.38983051,47.01492537,60,53.96825397,53.7037037,1,332.0642939
755,598058,1,1,1,51.51515152,26.08695652,80,55.07246377,43.5483871,1,435.1874447
756,598058,10,0,0,26.08695652,51.51515152,20,85,70,0,301.1907323
757,598059,2,1,0,50.35971223,42.10526316,64.70588235,54.09836066,56.4516129,1,497.0978462
758,598059,6,0,1,42.10526316,50.35971223,35.29411765,56.25,31.57894737,0,272.5931999
759,598060,10,0,0,26.08695652,57.14285714,16.66666667,85,70,0,197.1911289
760,598060,7,1,1,57.14285714,26.08695652,83.33333333,55.40540541,56.57894737,1,327.855119
761,598061,11,1,0,54.83870968,47.01492537,75,46.66666667,51.35135135,1,487.242504
762,598061,4,0,1,47.01492537,54.83870968,25,59.375,40.57971014,0,266.2418917
763,598062,1,0,1,51.51515152,50.35971223,50,44.92753623,43.5483871,1,374.334349
764,598062,2,1,0,50.35971223,51.51515152,50,54.09836066,56.4516129,0,256.95482
765,598063,3,1,0,60.30534351,53.38983051,64.70588235,63.63636364,41.55844156,0,300.1647944
766,598063,5,0,1,53.38983051,60.30534351,35.29411765,46.03174603,46.2962963,1,287.2946512
767,598064,4,1,0,47.01492537,42.10526316,55.55555556,40.625,59.42028986,1,340.4202013
768,598064,6,0,1,42.10526316,47.01492537,44.44444444,56.25,31.57894737,0,241.924179
769,598065,11,1,1,54.83870968,57.14285714,50,46.66666667,48.64864865,0,343.6025771
770,598065,7,0,0,57.14285714,54.83870968,50,44.59459459,43.42105263,1,409.7918143
771,598066,1,0,1,51.51515152,26.08695652,80,44.92753623,43.5483871,0,296.3839112
772,598066,10,1,0,26.08695652,51.51515152,20,15,70,1,418.8341784
773,598067,3,0,0,60.30534351,42.10526316,68.75,36.36363636,41.55844156,1,483.1261175
774,598067,6,1,1,42.10526316,60.30534351,31.25,43.75,31.57894737,0,185.5363074
775,598068,5,1,0,53.38983051,57.14285714,37.5,53.96825397,53.7037037,0,355.3956118
776,598068,7,0,1,57.14285714,53.38983051,62.5,44.59459459,56.57894737,1,387.6128165
777,598069,2,1,0,50.35971223,47.01492537,44.44444444,54.09836066,56.4516129,0,440.9357612
778,598069,4,0,1,47.01492537,50.35971223,55.55555556,59.375,40.57971014,1,496.4732628
779,598070,11,0,0,54.83870968,53.38983051,42.85714286,53.33333333,51.35135135,1,396.4257262
780,598070,5,1,1,53.38983051,54.83870968,57.14285714,53.96825397,46.2962963,0,373.2450109
781,598071,4,0,1,47.01492537,57.14285714,50,59.375,40.57971014,1,506.7481125
782,598071,7,1,0,57.14285714,47.01492537,50,55.40540541,43.42105263,0,329.0216849
783,598072,10,0,0,26.08695652,42.10526316,33.33333333,85,70,1,511.6302263
784,598072,6,1,1,42.10526316,26.08695652,66.66666667,43.75,31.57894737,0,228.6162557
785,598073,2,0,1,50.35971223,60.30534351,36.84210526,45.90163934,43.5483871,1,470.1513117
786,598073,3,1,0,60.30534351,50.35971223,63.15789474,63.63636364,41.55844156,0,146.2129381
787,598074,1,1,1,51.51515152,54.83870968,66.66666667,55.07246377,43.5483871,0,254.7813312
788,598074,11,0,0,54.83870968,51.51515152,33.33333333,53.33333333,51.35135135,1,372.465792
789,598075,3,0,0,60.30534351,57.14285714,45.45454545,36.36363636,41.55844156,1,684.5431167
790,598075,7,1,1,57.14285714,60.30534351,54.54545455,55.40540541,56.57894737,0,265.0565638
791,598076,11,1,1,54.83870968,53.38983051,42.85714286,46.66666667,48.64864865,0,280.7730746
792,598076,5,0,0,53.38983051,54.83870968,57.14285714,46.03174603,53.7037037,1,397.8492045
793,598077,5,1,1,53.38983051,57.14285714,37.5,53.96825397,46.2962963,0,292.0813299
794,598077,7,0,0,57.14285714,53.38983051,62.5,44.59459459,43.42105263,1,363.968183
795,598078,3,0,0,60.30534351,57.14285714,45.45454545,36.36363636,41.55844156,0,378.9838815
796,598078,7,1,1,57.14285714,60.30534351,54.54545455,55.40540541,56.57894737,1,443.8301313
797,729284,1,1,1,51.51515152,57.14285714,27.77777778,55.07246377,43.5483871,1,487.1609058
798,729284,7,0,0,57.14285714,51.51515152,72.22222222,44.59459459,43.42105263,0,298.7292352
799,729286,2,1,0,50.35971223,42.10526316,64.70588235,54.09836066,56.4516129,1,346.0141219
800,729286,6,0,1,42.10526316,50.35971223,35.29411765,56.25,31.57894737,0,209.1436275
801,729288,3,0,0,60.30534351,47.01492537,58.82352941,36.36363636,41.55844156,0,383.9775893
802,729288,4,1,1,47.01492537,60.30534351,41.17647059,40.625,40.57971014,1,499.6783012
803,729290,11,0,1,54.83870968,53.38983051,42.85714286,53.33333333,48.64864865,0,291.040596
804,729290,5,1,0,53.38983051,54.83870968,57.14285714,53.96825397,53.7037037,1,322.2718484
805,729292,2,0,1,50.35971223,57.14285714,42.10526316,45.90163934,43.5483871,1,392.9321882
806,729292,7,1,0,57.14285714,50.35971223,57.89473684,55.40540541,43.42105263,0,140.9946997
807,729294,1,0,0,51.51515152,42.10526316,58.82352941,44.92753623,56.4516129,0,356.693462
808,729294,6,1,1,42.10526316,51.51515152,41.17647059,43.75,31.57894737,1,358.714739
809,729296,4,1,0,47.01492537,53.38983051,40,40.625,59.42028986,1,525.0975681
810,729296,5,0,1,53.38983051,47.01492537,60,46.03174603,46.2962963,0,391.7940497
811,729298,3,0,0,60.30534351,42.10526316,68.75,36.36363636,41.55844156,1,499.8449633
812,729298,6,1,1,42.10526316,60.30534351,31.25,43.75,31.57894737,0,255.0291182
813,729300,11,1,0,54.83870968,47.01492537,75,46.66666667,51.35135135,0,268.9631262
814,729300,4,0,1,47.01492537,54.83870968,25,59.375,40.57971014,1,617.7557897
815,729302,3,1,0,60.30534351,53.38983051,64.70588235,63.63636364,41.55844156,1,478.5150033
816,729302,5,0,1,53.38983051,60.30534351,35.29411765,46.03174603,46.2962963,0,262.6874525
817,729304,1,1,0,51.51515152,50.35971223,50,55.07246377,56.4516129,1,253.6553571
818,729304,2,0,1,50.35971223,51.51515152,50,45.90163934,43.5483871,0,363.513371
819,729306,11,0,0,54.83870968,42.10526316,62.5,53.33333333,51.35135135,1,431.2990371
820,729306,6,1,1,42.10526316,54.83870968,37.5,43.75,31.57894737,0,309.1524507
821,729308,3,0,0,60.30534351,57.14285714,45.45454545,36.36363636,41.55844156,1,437.6700692
822,729308,7,1,1,57.14285714,60.30534351,54.54545455,55.40540541,56.57894737,0,273.963206
823,729310,2,1,0,50.35971223,53.38983051,56.25,54.09836066,56.4516129,0,126.1033418
824,729310,5,0,1,53.38983051,50.35971223,43.75,46.03174603,46.2962963,1,397.4012808
825,729312,1,0,1,51.51515152,47.01492537,68.42105263,44.92753623,43.5483871,0,318.9034604
826,729312,4,1,0,47.01492537,51.51515152,31.57894737,40.625,59.42028986,1,385.2179195
827,729314,6,0,0,42.10526316,57.14285714,50,56.25,68.42105263,1,325.4123676
828,729314,7,1,1,57.14285714,42.10526316,50,55.40540541,56.57894737,0,160.0509134
829,729316,11,0,0,54.83870968,60.30534351,33.33333333,53.33333333,51.35135135,0,226.2537847
830,729316,3,1,1,60.30534351,54.83870968,66.66666667,63.63636364,58.44155844,1,284.0377798
831,729318,2,1,0,50.35971223,47.01492537,44.44444444,54.09836066,56.4516129,0,251.926922
832,729318,4,0,1,47.01492537,50.35971223,55.55555556,59.375,40.57971014,1,310.5515022
833,729320,1,0,0,51.51515152,53.38983051,40,44.92753623,56.4516129,0,282.1100505
834,729320,5,1,1,53.38983051,51.51515152,60,53.96825397,46.2962963,1,554.0196306
835,729322,11,1,0,54.83870968,57.14285714,50,46.66666667,51.35135135,1,414.4224128
836,729322,7,0,1,57.14285714,54.83870968,50,44.59459459,56.57894737,0,311.3587865
837,733976,1,1,1,51.51515152,60.30534351,37.5,55.07246377,43.5483871,0,170.6436338
838,733976,3,0,0,60.30534351,51.51515152,62.5,36.36363636,41.55844156,1,474.7654607
839,733978,4,1,1,47.01492537,57.14285714,50,40.625,40.57971014,0,332.9551841
840,733978,7,0,0,57.14285714,47.01492537,50,44.59459459,43.42105263,1,375.3951726
841,733980,5,1,0,53.38983051,42.10526316,62.5,53.96825397,53.7037037,1,360.3833477
842,733980,6,0,1,42.10526316,53.38983051,37.5,56.25,31.57894737,0,255.172662
843,733982,11,1,0,54.83870968,50.35971223,55.55555556,46.66666667,51.35135135,0,355.993139
844,733982,2,0,1,50.35971223,54.83870968,44.44444444,45.90163934,43.5483871,1,418.9789172
845,733984,1,1,0,51.51515152,53.38983051,40,55.07246377,56.4516129,0,379.0595259
846,733984,5,0,1,53.38983051,51.51515152,60,46.03174603,46.2962963,1,316.7795697
847,733986,3,1,0,60.30534351,42.10526316,68.75,63.63636364,41.55844156,1,425.6475842
848,733986,6,0,1,42.10526316,60.30534351,31.25,56.25,31.57894737,0,252.8856919
849,733988,2,1,0,50.35971223,57.14285714,42.10526316,54.09836066,56.4516129,0,288.1847622
850,733988,7,0,1,57.14285714,50.35971223,57.89473684,44.59459459,56.57894737,1,448.6978415
851,733990,1,1,1,51.51515152,42.10526316,58.82352941,55.07246377,43.5483871,1,373.4353088
852,733990,6,0,0,42.10526316,51.51515152,41.17647059,56.25,68.42105263,0,239.5585409
853,733992,3,1,0,60.30534351,47.01492537,58.82352941,63.63636364,41.55844156,0,329.809647
854,733992,4,0,1,47.01492537,60.30534351,41.17647059,59.375,40.57971014,1,579.096343
855,733994,11,1,0,54.83870968,53.38983051,42.85714286,46.66666667,51.35135135,1,457.6842523
856,733994,5,0,1,53.38983051,54.83870968,57.14285714,46.03174603,46.2962963,0,284.4980335
857,733996,2,0,1,50.35971223,47.01492537,44.44444444,45.90163934,43.5483871,0,398.0799266
858,733996,4,1,0,47.01492537,50.35971223,55.55555556,40.625,59.42028986,1,556.5295821
859,733998,11,1,0,54.83870968,42.10526316,62.5,46.66666667,51.35135135,1,325.4292304
860,733998,6,0,1,42.10526316,54.83870968,37.5,56.25,31.57894737,0,189.4986465
861,734000,3,1,0,60.30534351,57.14285714,45.45454545,63.63636364,41.55844156,1,370.3374519
862,734000,7,0,1,57.14285714,60.30534351,54.54545455,44.59459459,56.57894737,0,357.3076965
863,734002,1,1,0,51.51515152,47.01492537,68.42105263,55.07246377,56.4516129,1,420.853065
864,734002,4,0,1,47.01492537,51.51515152,31.57894737,59.375,40.57971014,0,192.7627164
865,734004,2,0,0,50.35971223,53.38983051,50,45.90163934,56.4516129,0,369.5230898
866,734004,5,1,1,53.38983051,50.35971223,50,53.96825397,46.2962963,1,479.5360279
867,734006,11,0,0,54.83870968,57.14285714,50,53.33333333,51.35135135,0,322.5184793
868,734006,7,1,1,57.14285714,54.83870968,50,55.40540541,56.57894737,1,356.5511589
869,734008,3,0,0,60.30534351,53.38983051,64.70588235,36.36363636,41.55844156,1,332.5382003
870,734008,5,1,1,53.38983051,60.30534351,35.29411765,53.96825397,46.2962963,0,236.0467639
871,734010,2,0,1,50.35971223,42.10526316,58.82352941,45.90163934,43.5483871,1,489.6149784
872,734010,6,1,0,42.10526316,50.35971223,41.17647059,43.75,68.42105263,0,285.6961622
873,734012,11,0,1,54.83870968,47.01492537,75,53.33333333,48.64864865,0,418.5173795
874,734012,4,1,0,47.01492537,54.83870968,25,40.625,59.42028986,1,534.0746617
875,734014,1,0,1,51.51515152,57.14285714,27.77777778,44.92753623,43.5483871,1,335.3033127
876,734014,7,1,0,57.14285714,51.51515152,72.22222222,55.40540541,43.42105263,0,228.0740352
877,734016,5,0,1,53.38983051,42.10526316,62.5,46.03174603,46.2962963,1,520.5704288
878,734016,6,1,0,42.10526316,53.38983051,37.5,43.75,68.42105263,0,287.3761082
879,734018,2,1,1,50.35971223,60.30534351,36.84210526,54.09836066,43.5483871,1,249.4057186
880,734018,3,0,0,60.30534351,50.35971223,63.15789474,36.36363636,41.55844156,0,256.4771098
881,734020,1,1,1,51.51515152,54.83870968,66.66666667,55.07246377,43.5483871,1,447.6113903
882,734020,11,0,0,54.83870968,51.51515152,33.33333333,53.33333333,51.35135135,0,231.5927201
883,734022,5,0,0,53.38983051,57.14285714,37.5,46.03174603,53.7037037,0,267.0549347
884,734022,7,1,1,57.14285714,53.38983051,62.5,55.40540541,56.57894737,1,529.510077
885,734024,4,1,0,47.01492537,42.10526316,55.55555556,40.625,59.42028986,1,365.6190005
886,734024,6,0,1,42.10526316,47.01492537,44.44444444,56.25,31.57894737,0,326.4823008
887,734026,11,0,0,54.83870968,50.35971223,55.55555556,53.33333333,51.35135135,1,412.0279547
888,734026,2,1,1,50.35971223,54.83870968,44.44444444,54.09836066,43.5483871,0,304.5268196
889,734028,1,0,1,51.51515152,60.30534351,37.5,44.92753623,43.5483871,1,383.9100185
890,734028,3,1,0,60.30534351,51.51515152,62.5,63.63636364,41.55844156,0,224.6382491
891,734030,4,0,1,47.01492537,57.14285714,50,59.375,40.57971014,0,215.1113954
892,734030,7,1,0,57.14285714,47.01492537,50,55.40540541,43.42105263,1,484.3812303
893,734032,1,0,1,51.51515152,50.35971223,50,44.92753623,43.5483871,1,486.5860085
894,734032,2,1,0,50.35971223,51.51515152,50,54.09836066,56.4516129,0,254.7377736
895,734034,11,1,0,54.83870968,60.30534351,33.33333333,46.66666667,51.35135135,1,428.034426
896,734034,3,0,1,60.30534351,54.83870968,66.66666667,36.36363636,58.44155844,0,390.7850659
897,734036,6,1,0,42.10526316,57.14285714,50,43.75,68.42105263,0,529.5491916
898,734036,7,0,1,57.14285714,42.10526316,50,44.59459459,56.57894737,1,321.0631651
899,734038,4,0,1,47.01492537,53.38983051,40,59.375,40.57971014,1,439.7550873
900,734038,5,1,0,53.38983051,47.01492537,60,53.96825397,53.7037037,0,297.4328684
901,734040,2,0,1,50.35971223,60.30534351,36.84210526,45.90163934,43.5483871,0,224.2822312
902,734040,3,1,0,60.30534351,50.35971223,63.15789474,63.63636364,41.55844156,1,381.9805216
903,734042,1,0,1,51.51515152,54.83870968,66.66666667,44.92753623,43.5483871,1,554.8901289
904,734042,11,1,0,54.83870968,51.51515152,33.33333333,46.66666667,51.35135135,0,334.0327518
905,734044,4,0,1,47.01492537,42.10526316,55.55555556,59.375,40.57971014,1,444.0968784
906,734044,6,1,0,42.10526316,47.01492537,44.44444444,43.75,68.42105263,0,197.1040578
907,734046,5,1,0,53.38983051,57.14285714,37.5,53.96825397,53.7037037,0,483.0107935
908,734046,7,0,1,57.14285714,53.38983051,62.5,44.59459459,56.57894737,1,587.0444779
909,734048,1,1,0,51.51515152,47.01492537,68.42105263,55.07246377,56.4516129,1,388.7630936
910,734048,4,0,1,47.01492537,51.51515152,31.57894737,59.375,40.57971014,0,343.8654608
911,734050,3,0,1,60.30534351,57.14285714,45.45454545,36.36363636,58.44155844,1,486.0995744
912,734050,7,1,0,57.14285714,60.30534351,54.54545455,55.40540541,43.42105263,0,300.0089153
913,734052,3,0,1,60.30534351,47.01492537,58.82352941,36.36363636,58.44155844,0,527.1309765
914,734052,4,1,0,47.01492537,60.30534351,41.17647059,40.625,59.42028986,1,595.3392347
915,734054,1,0,1,51.51515152,47.01492537,68.42105263,44.92753623,43.5483871,1,376.9186567
916,734054,4,1,0,47.01492537,51.51515152,31.57894737,40.625,59.42028986,0,658.9043158
917,829710,1,0,1,51.51515152,57.14285714,27.77777778,44.92753623,43.5483871,1,372.3949903
918,829710,7,1,0,57.14285714,51.51515152,72.22222222,55.40540541,43.42105263,0,332.1061184
919,829712,3,0,1,60.30534351,42.10526316,68.75,36.36363636,58.44155844,1,413.9811979
920,829712,6,1,0,42.10526316,60.30534351,31.25,43.75,68.42105263,0,339.6902627
921,829714,4,0,1,47.01492537,53.38983051,40,59.375,40.57971014,0,304.4806327
922,829714,5,1,0,53.38983051,47.01492537,60,53.96825397,53.7037037,1,375.4664911
923,829716,11,1,1,54.83870968,60.30534351,33.33333333,46.66666667,48.64864865,0,266.3976739
924,829716,3,0,0,60.30534351,54.83870968,66.66666667,36.36363636,41.55844156,1,536.0868595
925,829718,1,0,1,51.51515152,50.35971223,50,44.92753623,43.5483871,0,402.3755925
926,829718,2,1,0,50.35971223,51.51515152,50,54.09836066,56.4516129,1,441.2323975
927,829720,5,1,0,53.38983051,42.10526316,62.5,53.96825397,53.7037037,1,315.1663112
928,829720,6,0,1,42.10526316,53.38983051,37.5,56.25,31.57894737,0,468.3600233
929,829722,4,1,0,47.01492537,57.14285714,50,40.625,59.42028986,1,477.9629801
930,829722,7,0,1,57.14285714,47.01492537,50,44.59459459,56.57894737,0,183.8074827
931,829724,11,1,0,54.83870968,50.35971223,55.55555556,46.66666667,51.35135135,1,487.472668
932,829724,2,0,1,50.35971223,54.83870968,44.44444444,45.90163934,43.5483871,0,167.3979493
933,829726,5,0,0,53.38983051,57.14285714,37.5,46.03174603,53.7037037,1,411.0601498
934,829726,7,1,1,57.14285714,53.38983051,62.5,55.40540541,56.57894737,0,339.7134634
935,829728,1,0,1,51.51515152,60.30534351,37.5,44.92753623,43.5483871,1,537.4721122
936,829728,3,1,0,60.30534351,51.51515152,62.5,63.63636364,41.55844156,0,200.954814
937,829730,4,0,0,47.01492537,42.10526316,55.55555556,59.375,59.42028986,0,330.6205494
938,829730,6,1,1,42.10526316,47.01492537,44.44444444,43.75,31.57894737,1,394.2314913
939,829732,11,0,1,54.83870968,53.38983051,42.85714286,53.33333333,48.64864865,0,184.1581336
940,829732,5,1,0,53.38983051,54.83870968,57.14285714,53.96825397,53.7037037,1,258.2600846
941,829734,3,1,1,60.30534351,57.14285714,45.45454545,63.63636364,58.44155844,1,557.0715909
942,829734,7,0,0,57.14285714,60.30534351,54.54545455,44.59459459,43.42105263,0,376.362845
943,829736,11,0,0,54.83870968,42.10526316,62.5,53.33333333,51.35135135,0,239.5138702
944,829736,6,1,1,42.10526316,54.83870968,37.5,43.75,31.57894737,1,383.9547989
945,829738,1,1,0,51.51515152,47.01492537,68.42105263,55.07246377,56.4516129,1,538.5040332
946,829738,4,0,1,47.01492537,51.51515152,31.57894737,59.375,40.57971014,0,363.5963051
947,829740,3,1,1,60.30534351,53.38983051,64.70588235,63.63636364,58.44155844,0,262.6252866
948,829740,5,0,0,53.38983051,60.30534351,35.29411765,46.03174603,53.7037037,1,385.3343715
949,829742,2,0,1,50.35971223,57.14285714,42.10526316,45.90163934,43.5483871,0,393.1479484
950,829742,7,1,0,57.14285714,50.35971223,57.89473684,55.40540541,43.42105263,1,532.8919205
951,829744,1,1,0,51.51515152,42.10526316,58.82352941,55.07246377,56.4516129,1,412.9391554
952,829744,6,0,1,42.10526316,51.51515152,41.17647059,56.25,31.57894737,0,235.3899163
953,829746,4,1,0,47.01492537,53.38983051,40,40.625,59.42028986,1,571.1580518
954,829746,5,0,1,53.38983051,47.01492537,60,46.03174603,46.2962963,0,458.6802712
955,829748,1,1,0,51.51515152,54.83870968,66.66666667,55.07246377,56.4516129,0,269.6977283
956,829748,11,0,1,54.83870968,51.51515152,33.33333333,53.33333333,48.64864865,1,376.7898324
957,829750,2,0,1,50.35971223,60.30534351,36.84210526,45.90163934,43.5483871,0,384.3409257
958,829750,3,1,0,60.30534351,50.35971223,63.15789474,63.63636364,41.55844156,1,561.8012713
959,829752,6,0,1,42.10526316,57.14285714,50,56.25,31.57894737,1,572.0127988
960,829752,7,1,0,57.14285714,42.10526316,50,55.40540541,43.42105263,0,237.762285
961,829754,2,1,0,50.35971223,53.38983051,56.25,54.09836066,56.4516129,1,413.7286388
962,829754,5,0,1,53.38983051,50.35971223,43.75,46.03174603,46.2962963,0,120.210549
963,829756,11,1,1,54.83870968,57.14285714,50,46.66666667,48.64864865,0,350.574609
964,829756,7,0,0,57.14285714,54.83870968,50,44.59459459,43.42105263,1,462.8508564
965,829758,3,0,0,60.30534351,47.01492537,58.82352941,36.36363636,41.55844156,1,517.008917
966,829758,4,1,1,47.01492537,60.30534351,41.17647059,40.625,40.57971014,0,129.0721088
967,829762,2,1,0,50.35971223,42.10526316,64.70588235,54.09836066,56.4516129,1,459.3125505
968,829762,6,0,1,42.10526316,50.35971223,35.29411765,56.25,31.57894737,0,20.90532312
969,829764,11,1,0,54.83870968,47.01492537,75,46.66666667,51.35135135,1,452.813644
970,829764,4,0,1,47.01492537,54.83870968,25,59.375,40.57971014,0,299.0829525
971,829766,1,0,0,51.51515152,42.10526316,58.82352941,44.92753623,56.4516129,1,409.773008
972,829766,6,1,1,42.10526316,51.51515152,41.17647059,43.75,31.57894737,0,354.3583587
973,829768,2,0,1,50.35971223,53.38983051,50,45.90163934,43.5483871,0,252.5883387
974,829768,5,1,0,53.38983051,50.35971223,50,53.96825397,53.7037037,1,204.5
975,829770,1,1,0,51.51515152,60.30534351,37.5,55.07246377,56.4516129,0,300.1281431
976,829770,3,0,1,60.30534351,51.51515152,62.5,36.36363636,58.44155844,1,373.4791176
977,829772,4,1,0,47.01492537,42.10526316,55.55555556,40.625,59.42028986,0,122.9668016
978,829772,6,0,1,42.10526316,47.01492537,44.44444444,56.25,31.57894737,1,441.0611224
979,829774,5,1,0,53.38983051,57.14285714,37.5,53.96825397,53.7037037,0,332.4975451
980,829774,7,0,1,57.14285714,53.38983051,62.5,44.59459459,56.57894737,1,489.5666094
981,829776,1,1,0,51.51515152,50.35971223,50,55.07246377,56.4516129,0,263.3776703
982,829776,2,0,1,50.35971223,51.51515152,50,45.90163934,43.5483871,1,312.7183328
983,829778,11,0,1,54.83870968,60.30534351,33.33333333,53.33333333,48.64864865,1,420.8277177
984,829778,3,1,0,60.30534351,54.83870968,66.66666667,63.63636364,41.55844156,0,317.8141756
985,829780,4,0,0,47.01492537,57.14285714,50,59.375,59.42028986,0,206.1261484
986,829780,7,1,1,57.14285714,47.01492537,50,55.40540541,56.57894737,1,561.5557054
987,829782,5,0,1,53.38983051,42.10526316,62.5,46.03174603,46.2962963,1,549.6785819
988,829782,6,1,0,42.10526316,53.38983051,37.5,43.75,68.42105263,0,260.3019401
989,829784,2,1,1,50.35971223,60.30534351,36.84210526,54.09836066,43.5483871,0,394.6759611
990,829784,3,0,0,60.30534351,50.35971223,63.15789474,36.36363636,41.55844156,1,465.4645248
991,829786,1,0,1,51.51515152,54.83870968,66.66666667,44.92753623,43.5483871,1,427.1109963
992,829786,11,1,0,54.83870968,51.51515152,33.33333333,46.66666667,51.35135135,0,254.5398502
993,829788,6,1,1,42.10526316,57.14285714,50,43.75,31.57894737,0,304.7781793
994,829788,7,0,0,57.14285714,42.10526316,50,44.59459459,43.42105263,1,338.4083446
995,829790,2,0,1,50.35971223,47.01492537,44.44444444,45.90163934,43.5483871,1,734.4687793
996,829790,4,1,0,47.01492537,50.35971223,55.55555556,40.625,59.42028986,0,153.8598162
997,829792,11,1,0,54.83870968,53.38983051,42.85714286,46.66666667,51.35135135,1,509.5810236
998,829792,5,0,1,53.38983051,54.83870968,57.14285714,46.03174603,46.2962963,0,323.2338633
999,829794,3,0,0,60.30534351,57.14285714,45.45454545,36.36363636,41.55844156,0,263.564906
1000,829794,7,1,1,57.14285714,60.30534351,54.54545455,55.40540541,56.57894737,1,438.2842436
1001,829796,1,0,0,51.51515152,47.01492537,68.42105263,44.92753623,56.4516129,1,409.8136526
1002,829796,4,1,1,47.01492537,51.51515152,31.57894737,40.625,40.57971014,0,480.6222706
1003,829798,11,1,1,54.83870968,42.10526316,62.5,46.66666667,48.64864865,1,320.9881467
1004,829798,6,0,0,42.10526316,54.83870968,37.5,56.25,68.42105263,0,404.3990604
1005,829800,2,1,1,50.35971223,57.14285714,42.10526316,54.09836066,43.5483871,1,727.7853515
1006,829800,7,0,0,57.14285714,50.35971223,57.89473684,44.59459459,43.42105263,0,306.0299348
1007,829802,3,0,0,60.30534351,53.38983051,64.70588235,36.36363636,41.55844156,1,558.8610826
1008,829802,5,1,1,53.38983051,60.30534351,35.29411765,53.96825397,46.2962963,0,296.747698
1009,829804,11,0,0,54.83870968,47.01492537,75,53.33333333,51.35135135,1,472.2690522
1010,829804,4,1,1,47.01492537,54.83870968,25,40.625,40.57971014,0,397.3903652
1011,829806,3,1,1,60.30534351,42.10526316,68.75,63.63636364,58.44155844,0,218.999611
1012,829806,6,0,0,42.10526316,60.30534351,31.25,56.25,68.42105263,1,363.5822208
1013,829808,2,1,0,50.35971223,47.01492537,44.44444444,54.09836066,56.4516129,0,261.7221369
1014,829808,4,0,1,47.01492537,50.35971223,55.55555556,59.375,40.57971014,1,338.2834866
1015,829810,1,1,0,51.51515152,57.14285714,27.77777778,55.07246377,56.4516129,0,313.1437139
1016,829810,7,0,1,57.14285714,51.51515152,72.22222222,44.59459459,56.57894737,1,458.5937141
1017,829812,11,0,0,54.83870968,50.35971223,55.55555556,53.33333333,51.35135135,0,423.1429269
1018,829812,2,1,1,50.35971223,54.83870968,44.44444444,54.09836066,43.5483871,1,268.8581906
1019,829814,3,1,1,60.30534351,47.01492537,58.82352941,63.63636364,58.44155844,1,387.4128907
1020,829814,4,0,0,47.01492537,60.30534351,41.17647059,59.375,59.42028986,0,153.1326084
1021,829816,1,1,1,51.51515152,53.38983051,40,55.07246377,43.5483871,0,318.6538897
1022,829816,5,0,0,53.38983051,51.51515152,60,46.03174603,53.7037037,1,634.123038
1023,829818,2,0,1,50.35971223,42.10526316,58.82352941,45.90163934,43.5483871,0,162.7683165
1024,829818,6,1,0,42.10526316,50.35971223,41.17647059,43.75,68.42105263,1,311.9668538
1025,829820,11,0,0,54.83870968,57.14285714,50,53.33333333,51.35135135,0,58.34266379
1026,829820,7,1,1,57.14285714,54.83870968,50,55.40540541,56.57894737,1,516.8948348
1027,829822,3,0,0,60.30534351,57.14285714,45.45454545,36.36363636,41.55844156,0,269.4523792
1028,829822,7,1,1,57.14285714,60.30534351,54.54545455,55.40540541,56.57894737,1,509.2108988
1029,829824,2,0,0,50.35971223,53.38983051,50,45.90163934,56.4516129,1,587.0440682
1030,829824,5,1,1,53.38983051,50.35971223,50,53.96825397,46.2962963,0,181.4012563
1031,829826,2,1,0,50.35971223,60.30534351,36.84210526,54.09836066,56.4516129,0,304.9584378
1032,829826,3,0,1,60.30534351,50.35971223,63.15789474,36.36363636,58.44155844,1,325.3142086
1033,829828,3,1,0,60.30534351,57.14285714,45.45454545,63.63636364,41.55844156,0,268.0340364
1034,829828,7,0,1,57.14285714,60.30534351,54.54545455,44.59459459,56.57894737,1,558.6005394
1035,980906,12,1,1,35.71428571,57.14285714,50,42.85714286,0,1,429.1987926
1036,980906,7,0,0,57.14285714,35.71428571,50,44.59459459,43.42105263,0,35.21579576
1037,980908,1,0,1,51.51515152,42.10526316,58.82352941,44.92753623,43.5483871,1,391.4635336
1038,980908,6,1,0,42.10526316,51.51515152,41.17647059,43.75,68.42105263,0,56.28646394
1039,980910,13,1,0,56.25,47.01492537,50,75,83.33333333,1,425.400776
1040,980910,4,0,1,47.01492537,56.25,50,59.375,40.57971014,0,339.0431509
1041,980912,11,1,0,54.83870968,50.35971223,55.55555556,46.66666667,51.35135135,0,340.0985681
1042,980912,2,0,1,50.35971223,54.83870968,44.44444444,45.90163934,43.5483871,1,626.6172465
1043,980914,1,0,1,51.51515152,57.14285714,27.77777778,44.92753623,43.5483871,0,447.2354437
1044,980914,7,1,0,57.14285714,51.51515152,72.22222222,55.40540541,43.42105263,1,387.1789615
1045,980916,12,1,1,35.71428571,56.25,0,42.85714286,0,0,335.0619853
1046,980916,13,0,0,56.25,35.71428571,100,25,83.33333333,1,360.1240347
1047,980918,4,1,0,47.01492537,42.10526316,55.55555556,40.625,59.42028986,0,95.22355445
1048,980918,6,0,1,42.10526316,47.01492537,44.44444444,56.25,31.57894737,1,447.4389894
1049,980920,1,1,1,51.51515152,54.83870968,66.66666667,55.07246377,43.5483871,1,426.7310647
1050,980920,11,0,0,54.83870968,51.51515152,33.33333333,53.33333333,51.35135135,0,162.5765083
1051,980922,13,1,0,56.25,57.14285714,100,75,83.33333333,1,424.9612287
1052,980922,7,0,1,57.14285714,56.25,0,44.59459459,56.57894737,0,380.017457
1053,980924,12,1,1,35.71428571,47.01492537,50,42.85714286,0,0,268.8018204
1054,980924,4,0,0,47.01492537,35.71428571,50,59.375,59.42028986,1,494.4696372
1055,980926,2,0,1,50.35971223,42.10526316,58.82352941,45.90163934,43.5483871,0,378.0498123
1056,980926,6,1,0,42.10526316,50.35971223,41.17647059,43.75,68.42105263,1,509.7482799
1057,980928,11,0,1,54.83870968,57.14285714,50,53.33333333,48.64864865,1,401.4765394
1058,980928,7,1,0,57.14285714,54.83870968,50,55.40540541,43.42105263,0,260.5014017
1059,980930,1,1,0,51.51515152,47.01492537,68.42105263,55.07246377,56.4516129,1,453.254171
1060,980930,4,0,1,47.01492537,51.51515152,31.57894737,59.375,40.57971014,0,251.5540005
1061,980932,2,1,0,50.35971223,57.14285714,42.10526316,54.09836066,56.4516129,0,304.0243848
1062,980932,7,0,1,57.14285714,50.35971223,57.89473684,44.59459459,56.57894737,1,545.7927731
1063,980934,11,1,0,54.83870968,56.25,100,46.66666667,51.35135135,1,481.1164116
1064,980934,13,0,1,56.25,54.83870968,0,25,16.66666667,0,120.8177958
1065,980936,12,0,1,35.71428571,50.35971223,0,57.14285714,0,0,261.1252347
1066,980936,2,1,0,50.35971223,35.71428571,100,54.09836066,56.4516129,1,613.3062237
1067,980938,6,0,1,42.10526316,57.14285714,50,56.25,31.57894737,1,375.6733833
1068,980938,7,1,0,57.14285714,42.10526316,50,55.40540541,43.42105263,0,338.6054004
1069,980940,11,0,1,54.83870968,47.01492537,75,53.33333333,48.64864865,1,401.2948288
1070,980940,4,1,0,47.01492537,54.83870968,25,40.625,59.42028986,0,317.9289791
1071,980942,13,0,0,56.25,50.35971223,33.33333333,25,83.33333333,1,313.9432225
1072,980942,2,1,1,50.35971223,56.25,66.66666667,54.09836066,43.5483871,0,434.933355
1073,980944,1,1,0,51.51515152,35.71428571,100,55.07246377,56.4516129,1,221.7551105
1074,980944,12,0,1,35.71428571,51.51515152,0,57.14285714,0,0,415.5559364
1075,980946,4,0,1,47.01492537,57.14285714,50,59.375,40.57971014,0,383.0855748
1076,980946,7,1,0,57.14285714,47.01492537,50,55.40540541,43.42105263,1,460.7543767
1077,980948,11,0,1,54.83870968,35.71428571,50,53.33333333,48.64864865,0,160.5023254
1078,980948,12,1,0,35.71428571,54.83870968,50,42.85714286,100,1,384.0899569
1079,980950,13,1,0,56.25,42.10526316,50,75,83.33333333,1,472.4095357
1080,980950,6,0,1,42.10526316,56.25,50,56.25,31.57894737,0,222.6791189
1081,980952,1,1,0,51.51515152,57.14285714,27.77777778,55.07246377,56.4516129,0,383.82767
1082,980952,7,0,1,57.14285714,51.51515152,72.22222222,44.59459459,56.57894737,1,511.7571069
1083,980954,12,0,1,35.71428571,56.25,0,57.14285714,0,0,576.1422767
1084,980954,13,1,0,56.25,35.71428571,100,75,83.33333333,1,357.6637658
1085,980956,1,1,0,51.51515152,42.10526316,58.82352941,55.07246377,56.4516129,0,405.5879903
1086,980956,6,0,1,42.10526316,51.51515152,41.17647059,56.25,31.57894737,1,620.6122848
1087,980958,11,0,1,54.83870968,50.35971223,55.55555556,53.33333333,48.64864865,1,538.5771666
1088,980958,2,1,0,50.35971223,54.83870968,44.44444444,54.09836066,56.4516129,0,402.8467476
1089,980960,13,0,1,56.25,47.01492537,50,25,16.66666667,0,379.7482616
1090,980960,4,1,0,47.01492537,56.25,50,40.625,59.42028986,1,433.9226972
1091,980962,12,0,1,35.71428571,57.14285714,50,57.14285714,0,0,251.8172148
1092,980962,7,1,0,57.14285714,35.71428571,50,55.40540541,43.42105263,1,397.636116
1093,980964,1,1,0,51.51515152,50.35971223,50,55.07246377,56.4516129,1,499.0008201
1094,980964,2,0,1,50.35971223,51.51515152,50,45.90163934,43.5483871,0,372.1910318
1095,980966,13,0,1,56.25,42.10526316,50,25,16.66666667,0,186.5477599
1096,980966,6,1,0,42.10526316,56.25,50,43.75,68.42105263,1,428.2242764
1097,980968,1,0,1,51.51515152,47.01492537,68.42105263,44.92753623,43.5483871,1,553.2193857
1098,980968,4,1,0,47.01492537,51.51515152,31.57894737,40.625,59.42028986,0,261.2499102
1099,980970,12,1,0,35.71428571,42.10526316,100,42.85714286,100,1,459.5082684
1100,980970,6,0,1,42.10526316,35.71428571,0,56.25,31.57894737,0,241.0628877
1101,980972,11,0,1,54.83870968,56.25,100,53.33333333,48.64864865,1,327.5342702
1102,980972,13,1,0,56.25,54.83870968,0,75,83.33333333,0,281.0764549
1103,980974,12,1,0,35.71428571,50.35971223,0,42.85714286,100,0,336.0190083
1104,980974,2,0,1,50.35971223,35.71428571,100,45.90163934,43.5483871,1,577.3596848
1105,980976,4,0,1,47.01492537,42.10526316,55.55555556,59.375,40.57971014,1,469.9888473
1106,980976,6,1,0,42.10526316,47.01492537,44.44444444,43.75,68.42105263,0,369.043887
1107,980978,11,1,0,54.83870968,57.14285714,50,46.66666667,51.35135135,1,564.3293397
1108,980978,7,0,1,57.14285714,54.83870968,50,44.59459459,56.57894737,0,119.2543576
1109,980980,1,0,1,51.51515152,56.25,0,44.92753623,43.5483871,0,378.3493938
1110,980980,13,1,0,56.25,51.51515152,100,75,83.33333333,1,347.3923388
1111,980982,2,1,0,50.35971223,47.01492537,44.44444444,54.09836066,56.4516129,1,366.4024712
1112,980982,4,0,1,47.01492537,50.35971223,55.55555556,59.375,40.57971014,0,405.2160378
1113,980984,11,1,1,54.83870968,35.71428571,50,46.66666667,48.64864865,1,457.3471886
1114,980984,12,0,0,35.71428571,54.83870968,50,57.14285714,100,0,382.8709355
1115,980986,2,0,1,50.35971223,57.14285714,42.10526316,45.90163934,43.5483871,0,333.208584
1116,980986,7,1,0,57.14285714,50.35971223,57.89473684,55.40540541,43.42105263,1,313.2762065
1117,980988,11,0,1,54.83870968,42.10526316,62.5,53.33333333,48.64864865,0,192.3157969
1118,980988,6,1,0,42.10526316,54.83870968,37.5,43.75,68.42105263,1,389.1739727
1119,980990,4,1,1,47.01492537,57.14285714,50,40.625,40.57971014,1,456.4874782
1120,980990,7,0,0,57.14285714,47.01492537,50,44.59459459,43.42105263,0,132.4329677
1121,980992,13,1,0,56.25,50.35971223,33.33333333,75,83.33333333,0,142.7022119
1122,980992,2,0,1,50.35971223,56.25,66.66666667,45.90163934,43.5483871,1,854.6304051
1123,980994,1,0,0,51.51515152,35.71428571,100,44.92753623,56.4516129,1,267.047956
1124,980994,12,1,1,35.71428571,51.51515152,0,42.85714286,0,0,134.2269987
1125,980996,11,1,1,54.83870968,47.01492537,75,46.66666667,48.64864865,1,366.9206144
1126,980996,4,0,0,47.01492537,54.83870968,25,59.375,59.42028986,0,358.5492431
1127,980998,6,1,0,42.10526316,57.14285714,50,43.75,68.42105263,0,210.1693163
1128,980998,7,0,1,57.14285714,42.10526316,50,44.59459459,56.57894737,1,670.902942
1129,981000,1,0,1,51.51515152,50.35971223,50,44.92753623,43.5483871,0,308.9407445
1130,981000,2,1,0,50.35971223,51.51515152,50,54.09836066,56.4516129,1,488.3261306
1131,981002,12,0,1,35.71428571,42.10526316,100,57.14285714,0,1,276.9238962
1132,981002,6,1,0,42.10526316,35.71428571,0,43.75,68.42105263,0,81.04763003
1133,981004,2,0,1,50.35971223,47.01492537,44.44444444,45.90163934,43.5483871,1,792.2574358
1134,981004,4,1,0,47.01492537,50.35971223,55.55555556,40.625,59.42028986,0,177.4641268
1135,981006,1,1,0,51.51515152,56.25,0,55.07246377,56.4516129,0,172.1456434
1136,981006,13,0,1,56.25,51.51515152,100,25,16.66666667,1,276.0343077
1137,981008,11,1,0,54.83870968,42.10526316,62.5,46.66666667,51.35135135,0,297.3725594
1138,981008,6,0,1,42.10526316,54.83870968,37.5,56.25,31.57894737,1,406.6720987
1139,981010,12,0,0,35.71428571,47.01492537,50,57.14285714,100,1,484.5460019
1140,981010,4,1,1,47.01492537,35.71428571,50,40.625,40.57971014,0,382.1535185
1141,981012,13,0,1,56.25,57.14285714,100,25,16.66666667,1,431.9172857
1142,981012,7,1,0,57.14285714,56.25,0,55.40540541,43.42105263,0,345.0176169
1143,981014,1,0,1,51.51515152,54.83870968,66.66666667,44.92753623,43.5483871,1,467.8740764
1144,981014,11,1,0,54.83870968,51.51515152,33.33333333,46.66666667,51.35135135,0,333.3892688
1145,981016,2,1,0,50.35971223,42.10526316,64.70588235,54.09836066,56.4516129,1,369.37569
1146,981016,6,0,1,42.10526316,50.35971223,35.29411765,56.25,31.57894737,0,209.3246861
1147,981018,13,0,1,56.25,50.35971223,33.33333333,25,16.66666667,0,402.802793
1148,981018,2,1,0,50.35971223,56.25,66.66666667,54.09836066,56.4516129,1,436.5849731
1149,981020,1,1,0,51.51515152,54.83870968,66.66666667,55.07246377,56.4516129,0,333.845243
1150,981020,11,0,1,54.83870968,51.51515152,33.33333333,53.33333333,48.64864865,1,386.4835744
1151,981022,11,1,0,54.83870968,56.25,100,46.66666667,51.35135135,1,380.2390837
1152,981022,13,0,1,56.25,54.83870968,0,25,16.66666667,0,345.181164
1153,981024,11,1,1,54.83870968,50.35971223,55.55555556,46.66666667,48.64864865,1,525.6377986
1154,981024,2,0,0,50.35971223,54.83870968,44.44444444,45.90163934,56.4516129,0,553.6864765
